disease,experiment,threshold,features,difference,difference number
Acne_Vulgaris,GDS2478,10,10,0,0
Acne_Vulgaris,GDS2478,10,20,-1,-100
Acne_Vulgaris,GDS2478,10,30,-1,-100
Acne_Vulgaris,GDS2478,10,40,-1,-100
Acne_Vulgaris,GDS2478,10,50,-1,-100
,,,,-1,-100
,,,,-1,-100
,,,,-1,-100
,,,,-1,-100
Acne_Vulgaris,GDS3215,10,10,0,0
Acne_Vulgaris,GDS3215,10,20,0,0
Acne_Vulgaris,GDS3215,10,30,0,0
Acne_Vulgaris,GDS3215,10,40,0,0
Acne_Vulgaris,GDS3215,10,50,0,0
,,,,0,0
,,,,0,0
,,,,0,0
,,,,0,0
Acne_Vulgaris,GDS3218,10,10,0,0
Acne_Vulgaris,GDS3218,10,20,1,100
Acne_Vulgaris,GDS3218,10,30,1,100
Acne_Vulgaris,GDS3218,10,40,1,100
Acne_Vulgaris,GDS3218,10,50,1,100
,,,,0,0
,,,,0,0
,,,,0,0
,,,,0,0
Acne_Vulgaris,GDS2478,20,10,-1,-50
Acne_Vulgaris,GDS2478,20,20,-1,-50
Acne_Vulgaris,GDS2478,20,30,-1,-50
Acne_Vulgaris,GDS2478,20,40,-1,-50
Acne_Vulgaris,GDS2478,20,50,-1,-50
,,,,-1,-100
,,,,-1,-100
,,,,-1,-100
,,,,-1,-100
Acne_Vulgaris,GDS3215,20,10,-1,-100
Acne_Vulgaris,GDS3215,20,20,-1,-100
Acne_Vulgaris,GDS3215,20,30,-1,-100
Acne_Vulgaris,GDS3215,20,40,-1,-100
Acne_Vulgaris,GDS3215,20,50,-1,-100
,,,,-1,-100
,,,,-1,-100
,,,,-1,-100
,,,,-1,-100
Acne_Vulgaris,GDS3218,20,10,0,0
Acne_Vulgaris,GDS3218,20,20,1,100
Acne_Vulgaris,GDS3218,20,30,1,100
Acne_Vulgaris,GDS3218,20,40,1,100
Acne_Vulgaris,GDS3218,20,50,1,100
,,,,0,0
,,,,0,0
,,,,0,0
,,,,0,0
Acne_Vulgaris,GDS2478,30,10,-1,-50
Acne_Vulgaris,GDS2478,30,20,-1,-25
Acne_Vulgaris,GDS2478,30,30,-1,-25
Acne_Vulgaris,GDS2478,30,40,-1,-25
Acne_Vulgaris,GDS2478,30,50,-1,-25
,,,,-1,-75
,,,,-1,-75
,,,,-1,-75
,,,,-1,-75
Acne_Vulgaris,GDS3215,30,10,-1,-100
Acne_Vulgaris,GDS3215,30,20,-1,-100
Acne_Vulgaris,GDS3215,30,30,-1,-100
Acne_Vulgaris,GDS3215,30,40,-1,-100
Acne_Vulgaris,GDS3215,30,50,-1,-100
,,,,-1,-100
,,,,-1,-100
,,,,-1,-100
,,,,-1,-100
Acne_Vulgaris,GDS3218,30,10,-1,-33.3333
Acne_Vulgaris,GDS3218,30,20,-1,-33.3333
Acne_Vulgaris,GDS3218,30,30,-1,-33.3333
Acne_Vulgaris,GDS3218,30,40,1,66.6667
Acne_Vulgaris,GDS3218,30,50,1,66.6667
,,,,-1,-33.3333
,,,,-1,-33.3333
,,,,-1,-33.3333
,,,,-1,-33.3333
Acne_Vulgaris,GDS2478,40,10,-1,-40
Acne_Vulgaris,GDS2478,40,20,0,0
Acne_Vulgaris,GDS2478,40,30,-1,-20
Acne_Vulgaris,GDS2478,40,40,-1,-20
Acne_Vulgaris,GDS2478,40,50,-1,-20
,,,,-1,-80
,,,,-1,-80
,,,,-1,-80
,,,,-1,-80
Acne_Vulgaris,GDS3215,40,10,-1,-100
Acne_Vulgaris,GDS3215,40,20,-1,-100
Acne_Vulgaris,GDS3215,40,30,-1,-100
Acne_Vulgaris,GDS3215,40,40,-1,-100
Acne_Vulgaris,GDS3215,40,50,-1,-100
,,,,-1,-100
,,,,-1,-100
,,,,-1,-100
,,,,-1,-100
Acne_Vulgaris,GDS3218,40,10,-1,-25
Acne_Vulgaris,GDS3218,40,20,1,25
Acne_Vulgaris,GDS3218,40,30,1,25
Acne_Vulgaris,GDS3218,40,40,1,25
Acne_Vulgaris,GDS3218,40,50,1,25
,,,,-1,-50
,,,,-1,-50
,,,,-1,-50
,,,,-1,-25
Acne_Vulgaris,GDS2478,50,10,-1,-33.3333
Acne_Vulgaris,GDS2478,50,20,-1,-16.6666
Acne_Vulgaris,GDS2478,50,30,-1,-16.6666
Acne_Vulgaris,GDS2478,50,40,-1,-16.6666
Acne_Vulgaris,GDS2478,50,50,-1,-16.6666
,,,,-1,-83.3333
,,,,-1,-83.3333
,,,,-1,-83.3333
,,,,-1,-83.3333
Acne_Vulgaris,GDS3215,50,10,-1,-66.6667
Acne_Vulgaris,GDS3215,50,20,-1,-66.6667
Acne_Vulgaris,GDS3215,50,30,-1,-66.6667
Acne_Vulgaris,GDS3215,50,40,-1,-66.6667
Acne_Vulgaris,GDS3215,50,50,-1,-66.6667
,,,,-1,-100
,,,,-1,-100
,,,,-1,-100
,,,,-1,-100
Acne_Vulgaris,GDS3218,50,10,-1,-33.3333
Acne_Vulgaris,GDS3218,50,20,-1,-33.3333
Acne_Vulgaris,GDS3218,50,30,-1,-16.6667
Acne_Vulgaris,GDS3218,50,40,-1,-16.6667
Acne_Vulgaris,GDS3218,50,50,-1,-33.3333
,,,,-1,-83.3333
,,,,-1,-83.3333
,,,,-1,-83.3333
,,,,-1,-83.3333
Acne_Vulgaris,GDS2478,60,10,-1,-33.3333
Acne_Vulgaris,GDS2478,60,20,-1,-16.6666
Acne_Vulgaris,GDS2478,60,30,-1,-16.6666
Acne_Vulgaris,GDS2478,60,40,-1,-16.6666
Acne_Vulgaris,GDS2478,60,50,-1,-16.6666
,,,,-1,-83.3333
,,,,-1,-83.3333
,,,,-1,-83.3333
,,,,-1,-83.3333
Acne_Vulgaris,GDS3215,60,10,-1,-66.6667
Acne_Vulgaris,GDS3215,60,20,-1,-66.6667
Acne_Vulgaris,GDS3215,60,30,-1,-66.6667
Acne_Vulgaris,GDS3215,60,40,-1,-66.6667
Acne_Vulgaris,GDS3215,60,50,-1,-66.6667
,,,,-1,-100
,,,,-1,-100
,,,,-1,-100
,,,,-1,-100
Acne_Vulgaris,GDS3218,60,10,-1,-28.5715
Acne_Vulgaris,GDS3218,60,20,0,0
Acne_Vulgaris,GDS3218,60,30,0,0
Acne_Vulgaris,GDS3218,60,40,0,0
Acne_Vulgaris,GDS3218,60,50,0,0
,,,,-1,-42.8571
,,,,-1,-42.8571
,,,,-1,-57.1429
,,,,-1,-57.1429
Acne_Vulgaris,GDS2478,70,10,-1,-37.5
Acne_Vulgaris,GDS2478,70,20,-1,-25
Acne_Vulgaris,GDS2478,70,30,-1,-25
Acne_Vulgaris,GDS2478,70,40,-1,-25
Acne_Vulgaris,GDS2478,70,50,-1,-25
,,,,-1,-87.5
,,,,-1,-87.5
,,,,-1,-87.5
,,,,-1,-87.5
Acne_Vulgaris,GDS3215,70,10,0,0
Acne_Vulgaris,GDS3215,70,20,0,0
Acne_Vulgaris,GDS3215,70,30,0,0
Acne_Vulgaris,GDS3215,70,40,0,0
Acne_Vulgaris,GDS3215,70,50,0,0
,,,,-1,-25
,,,,-1,-25
,,,,-1,-25
,,,,-1,-25
Acne_Vulgaris,GDS3218,70,10,-1,-25
Acne_Vulgaris,GDS3218,70,20,-1,-25
Acne_Vulgaris,GDS3218,70,30,-1,-25
Acne_Vulgaris,GDS3218,70,40,-1,-25
Acne_Vulgaris,GDS3218,70,50,-1,-25
,,,,-1,-75
,,,,-1,-75
,,,,-1,-62.5
,,,,-1,-62.5
Acne_Vulgaris,GDS2478,80,10,-1,-10
Acne_Vulgaris,GDS2478,80,20,-1,-20
Acne_Vulgaris,GDS2478,80,30,-1,-20
Acne_Vulgaris,GDS2478,80,40,-1,-10
Acne_Vulgaris,GDS2478,80,50,-1,-10
,,,,-1,-90
,,,,-1,-90
,,,,-1,-90
,,,,-1,-90
Acne_Vulgaris,GDS3215,80,10,0,0
Acne_Vulgaris,GDS3215,80,20,0,0
Acne_Vulgaris,GDS3215,80,30,0,0
Acne_Vulgaris,GDS3215,80,40,0,0
Acne_Vulgaris,GDS3215,80,50,0,0
,,,,-1,-25
,,,,-1,-25
,,,,-1,-25
,,,,-1,-25
Acne_Vulgaris,GDS3218,80,10,-1,-25
Acne_Vulgaris,GDS3218,80,20,-1,-25
Acne_Vulgaris,GDS3218,80,30,-1,-25
Acne_Vulgaris,GDS3218,80,40,-1,-25
Acne_Vulgaris,GDS3218,80,50,-1,-25
,,,,-1,-75
,,,,-1,-75
,,,,-1,-62.5
,,,,-1,-62.5
Acne_Vulgaris,GDS2478,90,10,-1,-9.0909
Acne_Vulgaris,GDS2478,90,20,-1,-27.2727
Acne_Vulgaris,GDS2478,90,30,-1,-27.2727
Acne_Vulgaris,GDS2478,90,40,-1,-27.2727
Acne_Vulgaris,GDS2478,90,50,-1,-27.2727
,,,,-1,-90.9091
,,,,-1,-90.9091
,,,,-1,-90.9091
,,,,-1,-90.9091
Acne_Vulgaris,GDS3215,90,10,0,0
Acne_Vulgaris,GDS3215,90,20,0,0
Acne_Vulgaris,GDS3215,90,30,0,0
Acne_Vulgaris,GDS3215,90,40,0,0
Acne_Vulgaris,GDS3215,90,50,0,0
,,,,-1,-25
,,,,-1,-25
,,,,-1,-25
,,,,-1,-25
Acne_Vulgaris,GDS3218,90,10,-1,-25
Acne_Vulgaris,GDS3218,90,20,-1,-25
Acne_Vulgaris,GDS3218,90,30,-1,-25
Acne_Vulgaris,GDS3218,90,40,-1,-25
Acne_Vulgaris,GDS3218,90,50,-1,-25
,,,,-1,-75
,,,,-1,-75
,,,,-1,-62.5
,,,,-1,-62.5
Adenoma,GDS2432,10,10,0,0
Adenoma,GDS2432,10,20,1,100
Adenoma,GDS2432,10,30,0,0
Adenoma,GDS2432,10,40,0,0
Adenoma,GDS2432,10,50,0,0
Adenoma,GDS2432,10,60,0,0
Adenoma,GDS2432,10,70,0,0
Adenoma,GDS2432,10,80,0,0
Adenoma,GDS2432,10,90,0,0
Adenoma,GDS2860,10,10,0,0
Adenoma,GDS2860,10,20,0,0
Adenoma,GDS2860,10,30,0,0
Adenoma,GDS2860,10,40,0,0
Adenoma,GDS2860,10,50,0,0
Adenoma,GDS2860,10,60,0,0
Adenoma,GDS2860,10,70,0,0
Adenoma,GDS2860,10,80,0,0
Adenoma,GDS2860,10,90,0,0
Adenoma,GDS2432,20,10,1,33.3333
Adenoma,GDS2432,20,20,0,0
Adenoma,GDS2432,20,30,0,0
Adenoma,GDS2432,20,40,0,0
Adenoma,GDS2432,20,50,0,0
Adenoma,GDS2432,20,60,0,0
Adenoma,GDS2432,20,70,0,0
Adenoma,GDS2432,20,80,0,0
Adenoma,GDS2432,20,90,0,0
Adenoma,GDS2860,20,10,1,33.3333
Adenoma,GDS2860,20,20,0,0
Adenoma,GDS2860,20,30,1,33.3333
Adenoma,GDS2860,20,40,0,0
Adenoma,GDS2860,20,50,0,0
Adenoma,GDS2860,20,60,0,0
Adenoma,GDS2860,20,70,0,0
Adenoma,GDS2860,20,80,0,0
Adenoma,GDS2860,20,90,0,0
Adenoma,GDS2432,30,10,0,0
Adenoma,GDS2432,30,20,1,25
Adenoma,GDS2432,30,30,0,0
Adenoma,GDS2432,30,40,0,0
Adenoma,GDS2432,30,50,0,0
Adenoma,GDS2432,30,60,0,0
Adenoma,GDS2432,30,70,0,0
Adenoma,GDS2432,30,80,0,0
Adenoma,GDS2432,30,90,0,0
Adenoma,GDS2860,30,10,-1,-25
Adenoma,GDS2860,30,20,0,0
Adenoma,GDS2860,30,30,0,0
Adenoma,GDS2860,30,40,0,0
Adenoma,GDS2860,30,50,0,0
Adenoma,GDS2860,30,60,0,0
Adenoma,GDS2860,30,70,0,0
Adenoma,GDS2860,30,80,0,0
Adenoma,GDS2860,30,90,0,0
Adenoma,GDS2432,40,10,-1,-20
Adenoma,GDS2432,40,20,1,20
Adenoma,GDS2432,40,30,1,20
Adenoma,GDS2432,40,40,1,20
Adenoma,GDS2432,40,50,0,0
Adenoma,GDS2432,40,60,-1,-20
Adenoma,GDS2432,40,70,0,0
Adenoma,GDS2432,40,80,0,0
Adenoma,GDS2432,40,90,0,0
Adenoma,GDS2860,40,10,-1,-20
Adenoma,GDS2860,40,20,0,0
Adenoma,GDS2860,40,30,-1,-20
Adenoma,GDS2860,40,40,0,0
Adenoma,GDS2860,40,50,0,0
Adenoma,GDS2860,40,60,0,0
Adenoma,GDS2860,40,70,0,0
Adenoma,GDS2860,40,80,0,0
Adenoma,GDS2860,40,90,0,0
Adenoma,GDS2432,50,10,1,50
Adenoma,GDS2432,50,20,1,16.6666
Adenoma,GDS2432,50,30,1,33.3333
Adenoma,GDS2432,50,40,0,0
Adenoma,GDS2432,50,50,0,0
Adenoma,GDS2432,50,60,0,0
Adenoma,GDS2432,50,70,-1,-16.6666
Adenoma,GDS2432,50,80,-1,-16.6666
Adenoma,GDS2432,50,90,-1,-16.6666
Adenoma,GDS2860,50,10,-1,-16.6667
Adenoma,GDS2860,50,20,-1,-16.6667
Adenoma,GDS2860,50,30,-1,-16.6667
Adenoma,GDS2860,50,40,0,0
Adenoma,GDS2860,50,50,-1,-16.6667
Adenoma,GDS2860,50,60,0,0
Adenoma,GDS2860,50,70,0,0
Adenoma,GDS2860,50,80,0,0
Adenoma,GDS2860,50,90,0,0
Adenoma,GDS2432,60,10,1,28.5715
Adenoma,GDS2432,60,20,1,14.2858
Adenoma,GDS2432,60,30,-1,-14.2857
Adenoma,GDS2432,60,40,-1,-14.2857
Adenoma,GDS2432,60,50,-1,-14.2857
Adenoma,GDS2432,60,60,-1,-14.2857
Adenoma,GDS2432,60,70,-1,-14.2857
Adenoma,GDS2432,60,80,-1,-14.2857
Adenoma,GDS2432,60,90,0,0
Adenoma,GDS2860,60,10,-1,-14.2857
Adenoma,GDS2860,60,20,1,14.2857
Adenoma,GDS2860,60,30,1,14.2857
Adenoma,GDS2860,60,40,0,0
Adenoma,GDS2860,60,50,1,14.2857
Adenoma,GDS2860,60,60,1,14.2857
Adenoma,GDS2860,60,70,1,14.2857
Adenoma,GDS2860,60,80,1,14.2857
Adenoma,GDS2860,60,90,1,14.2857
Adenoma,GDS2432,70,10,1,11.1111
Adenoma,GDS2432,70,20,-1,-11.1111
Adenoma,GDS2432,70,30,-1,-11.1111
Adenoma,GDS2432,70,40,-1,-11.1111
Adenoma,GDS2432,70,50,-1,-11.1111
Adenoma,GDS2432,70,60,-1,-11.1111
Adenoma,GDS2432,70,70,-1,-11.1111
Adenoma,GDS2432,70,80,-1,-11.1111
Adenoma,GDS2432,70,90,-1,-11.1111
Adenoma,GDS2860,70,10,0,0
Adenoma,GDS2860,70,20,0,0
Adenoma,GDS2860,70,30,1,12.5
Adenoma,GDS2860,70,40,0,0
Adenoma,GDS2860,70,50,1,12.5
Adenoma,GDS2860,70,60,1,12.5
Adenoma,GDS2860,70,70,1,12.5
Adenoma,GDS2860,70,80,1,12.5
Adenoma,GDS2860,70,90,0,0
Adenoma,GDS2432,80,10,1,11.1111
Adenoma,GDS2432,80,20,-1,-11.1111
Adenoma,GDS2432,80,30,-1,-11.1111
Adenoma,GDS2432,80,40,-1,-11.1111
Adenoma,GDS2432,80,50,-1,-11.1111
Adenoma,GDS2432,80,60,-1,-11.1111
Adenoma,GDS2432,80,70,-1,-11.1111
Adenoma,GDS2432,80,80,-1,-11.1111
Adenoma,GDS2432,80,90,-1,-11.1111
Adenoma,GDS2860,80,10,-1,-20
Adenoma,GDS2860,80,20,-1,-20
Adenoma,GDS2860,80,30,-1,-30
Adenoma,GDS2860,80,40,-1,-20
Adenoma,GDS2860,80,50,-1,-10
Adenoma,GDS2860,80,60,-1,-10
Adenoma,GDS2860,80,70,-1,-10
Adenoma,GDS2860,80,80,-1,-10
Adenoma,GDS2860,80,90,-1,-10
Adenoma,GDS2432,90,10,-1,-20
Adenoma,GDS2432,90,20,-1,-40
Adenoma,GDS2432,90,30,-1,-40
Adenoma,GDS2432,90,40,-1,-20
Adenoma,GDS2432,90,50,-1,-40
Adenoma,GDS2432,90,60,-1,-20
Adenoma,GDS2432,90,70,-1,-30
Adenoma,GDS2432,90,80,-1,-30
Adenoma,GDS2432,90,90,-1,-30
Adenoma,GDS2860,90,10,-1,-20
Adenoma,GDS2860,90,20,-1,-20
Adenoma,GDS2860,90,30,-1,-30
Adenoma,GDS2860,90,40,-1,-20
Adenoma,GDS2860,90,50,-1,-10
Adenoma,GDS2860,90,60,-1,-10
Adenoma,GDS2860,90,70,-1,-10
Adenoma,GDS2860,90,80,-1,-10
Adenoma,GDS2860,90,90,-1,-10
Carcinoma_Renal_Cell,GDS505,10,10,0,0
Carcinoma_Renal_Cell,GDS505,10,20,0,0
Carcinoma_Renal_Cell,GDS505,10,30,0,0
Carcinoma_Renal_Cell,GDS505,10,40,0,0
Carcinoma_Renal_Cell,GDS505,10,50,0,0
Carcinoma_Renal_Cell,GDS505,10,60,0,0
Carcinoma_Renal_Cell,GDS505,10,70,0,0
Carcinoma_Renal_Cell,GDS505,10,80,0,0
Carcinoma_Renal_Cell,GDS505,10,90,0,0
Carcinoma_Renal_Cell,GDS507,10,10,0,0
Carcinoma_Renal_Cell,GDS507,10,20,0,0
Carcinoma_Renal_Cell,GDS507,10,30,0,0
Carcinoma_Renal_Cell,GDS507,10,40,0,0
Carcinoma_Renal_Cell,GDS507,10,50,0,0
Carcinoma_Renal_Cell,GDS507,10,60,0,0
Carcinoma_Renal_Cell,GDS507,10,70,0,0
Carcinoma_Renal_Cell,GDS507,10,80,0,0
Carcinoma_Renal_Cell,GDS507,10,90,0,0
Carcinoma_Renal_Cell,GDS505,20,10,0,0
Carcinoma_Renal_Cell,GDS505,20,20,0,0
Carcinoma_Renal_Cell,GDS505,20,30,0,0
Carcinoma_Renal_Cell,GDS505,20,40,0,0
Carcinoma_Renal_Cell,GDS505,20,50,0,0
Carcinoma_Renal_Cell,GDS505,20,60,0,0
Carcinoma_Renal_Cell,GDS505,20,70,0,0
Carcinoma_Renal_Cell,GDS505,20,80,0,0
Carcinoma_Renal_Cell,GDS505,20,90,0,0
Carcinoma_Renal_Cell,GDS507,20,10,0,0
Carcinoma_Renal_Cell,GDS507,20,20,0,0
Carcinoma_Renal_Cell,GDS507,20,30,0,0
Carcinoma_Renal_Cell,GDS507,20,40,0,0
Carcinoma_Renal_Cell,GDS507,20,50,0,0
Carcinoma_Renal_Cell,GDS507,20,60,0,0
Carcinoma_Renal_Cell,GDS507,20,70,0,0
Carcinoma_Renal_Cell,GDS507,20,80,0,0
Carcinoma_Renal_Cell,GDS507,20,90,0,0
Carcinoma_Renal_Cell,GDS505,30,10,0,0
Carcinoma_Renal_Cell,GDS505,30,20,0,0
Carcinoma_Renal_Cell,GDS505,30,30,0,0
Carcinoma_Renal_Cell,GDS505,30,40,0,0
Carcinoma_Renal_Cell,GDS505,30,50,0,0
Carcinoma_Renal_Cell,GDS505,30,60,0,0
Carcinoma_Renal_Cell,GDS505,30,70,0,0
Carcinoma_Renal_Cell,GDS505,30,80,0,0
Carcinoma_Renal_Cell,GDS505,30,90,0,0
Carcinoma_Renal_Cell,GDS507,30,10,0,0
Carcinoma_Renal_Cell,GDS507,30,20,0,0
Carcinoma_Renal_Cell,GDS507,30,30,0,0
Carcinoma_Renal_Cell,GDS507,30,40,0,0
Carcinoma_Renal_Cell,GDS507,30,50,0,0
Carcinoma_Renal_Cell,GDS507,30,60,0,0
Carcinoma_Renal_Cell,GDS507,30,70,0,0
Carcinoma_Renal_Cell,GDS507,30,80,0,0
Carcinoma_Renal_Cell,GDS507,30,90,0,0
Carcinoma_Renal_Cell,GDS505,40,10,0,0
Carcinoma_Renal_Cell,GDS505,40,20,0,0
Carcinoma_Renal_Cell,GDS505,40,30,0,0
Carcinoma_Renal_Cell,GDS505,40,40,0,0
Carcinoma_Renal_Cell,GDS505,40,50,0,0
Carcinoma_Renal_Cell,GDS505,40,60,0,0
Carcinoma_Renal_Cell,GDS505,40,70,0,0
Carcinoma_Renal_Cell,GDS505,40,80,0,0
Carcinoma_Renal_Cell,GDS505,40,90,0,0
Carcinoma_Renal_Cell,GDS507,40,10,0,0
Carcinoma_Renal_Cell,GDS507,40,20,0,0
Carcinoma_Renal_Cell,GDS507,40,30,0,0
Carcinoma_Renal_Cell,GDS507,40,40,0,0
Carcinoma_Renal_Cell,GDS507,40,50,0,0
Carcinoma_Renal_Cell,GDS507,40,60,0,0
Carcinoma_Renal_Cell,GDS507,40,70,0,0
Carcinoma_Renal_Cell,GDS507,40,80,1,25
Carcinoma_Renal_Cell,GDS507,40,90,0,0
Carcinoma_Renal_Cell,GDS505,50,10,0,0
Carcinoma_Renal_Cell,GDS505,50,20,0,0
Carcinoma_Renal_Cell,GDS505,50,30,0,0
Carcinoma_Renal_Cell,GDS505,50,40,0,0
Carcinoma_Renal_Cell,GDS505,50,50,0,0
Carcinoma_Renal_Cell,GDS505,50,60,0,0
Carcinoma_Renal_Cell,GDS505,50,70,0,0
Carcinoma_Renal_Cell,GDS505,50,80,0,0
Carcinoma_Renal_Cell,GDS505,50,90,0,0
Carcinoma_Renal_Cell,GDS507,50,10,0,0
Carcinoma_Renal_Cell,GDS507,50,20,0,0
Carcinoma_Renal_Cell,GDS507,50,30,0,0
Carcinoma_Renal_Cell,GDS507,50,40,0,0
Carcinoma_Renal_Cell,GDS507,50,50,-1,-20
Carcinoma_Renal_Cell,GDS507,50,60,-1,-20
Carcinoma_Renal_Cell,GDS507,50,70,-1,-20
Carcinoma_Renal_Cell,GDS507,50,80,0,0
Carcinoma_Renal_Cell,GDS507,50,90,0,0
Carcinoma_Renal_Cell,GDS505,60,10,0,0
Carcinoma_Renal_Cell,GDS505,60,20,0,0
Carcinoma_Renal_Cell,GDS505,60,30,1,16.6667
Carcinoma_Renal_Cell,GDS505,60,40,1,16.6667
Carcinoma_Renal_Cell,GDS505,60,50,1,16.6667
Carcinoma_Renal_Cell,GDS505,60,60,1,16.6667
Carcinoma_Renal_Cell,GDS505,60,70,1,16.6667
Carcinoma_Renal_Cell,GDS505,60,80,1,16.6667
Carcinoma_Renal_Cell,GDS505,60,90,1,16.6667
Carcinoma_Renal_Cell,GDS507,60,10,1,14.2857
Carcinoma_Renal_Cell,GDS507,60,20,1,14.2857
Carcinoma_Renal_Cell,GDS507,60,30,0,0
Carcinoma_Renal_Cell,GDS507,60,40,1,14.2857
Carcinoma_Renal_Cell,GDS507,60,50,1,14.2857
Carcinoma_Renal_Cell,GDS507,60,60,0,0
Carcinoma_Renal_Cell,GDS507,60,70,1,14.2857
Carcinoma_Renal_Cell,GDS507,60,80,1,14.2857
Carcinoma_Renal_Cell,GDS507,60,90,0,0
Carcinoma_Renal_Cell,GDS505,70,10,1,14.2857
Carcinoma_Renal_Cell,GDS505,70,20,0,0
Carcinoma_Renal_Cell,GDS505,70,30,1,14.2857
Carcinoma_Renal_Cell,GDS505,70,40,1,14.2857
Carcinoma_Renal_Cell,GDS505,70,50,1,14.2857
Carcinoma_Renal_Cell,GDS505,70,60,1,14.2857
Carcinoma_Renal_Cell,GDS505,70,70,1,14.2857
Carcinoma_Renal_Cell,GDS505,70,80,1,14.2857
Carcinoma_Renal_Cell,GDS505,70,90,1,14.2857
Carcinoma_Renal_Cell,GDS507,70,10,1,14.2857
Carcinoma_Renal_Cell,GDS507,70,20,1,14.2857
Carcinoma_Renal_Cell,GDS507,70,30,0,0
Carcinoma_Renal_Cell,GDS507,70,40,1,14.2857
Carcinoma_Renal_Cell,GDS507,70,50,1,14.2857
Carcinoma_Renal_Cell,GDS507,70,60,0,0
Carcinoma_Renal_Cell,GDS507,70,70,1,14.2857
Carcinoma_Renal_Cell,GDS507,70,80,1,14.2857
Carcinoma_Renal_Cell,GDS507,70,90,0,0
Carcinoma_Renal_Cell,GDS505,80,10,0,0
Carcinoma_Renal_Cell,GDS505,80,20,1,11.1111
Carcinoma_Renal_Cell,GDS505,80,30,0,0
Carcinoma_Renal_Cell,GDS505,80,40,0,0
Carcinoma_Renal_Cell,GDS505,80,50,0,0
Carcinoma_Renal_Cell,GDS505,80,60,1,11.1111
Carcinoma_Renal_Cell,GDS505,80,70,1,11.1111
Carcinoma_Renal_Cell,GDS505,80,80,1,11.1111
Carcinoma_Renal_Cell,GDS505,80,90,0,0
Carcinoma_Renal_Cell,GDS507,80,10,1,14.2857
Carcinoma_Renal_Cell,GDS507,80,20,1,14.2857
Carcinoma_Renal_Cell,GDS507,80,30,0,0
Carcinoma_Renal_Cell,GDS507,80,40,1,14.2857
Carcinoma_Renal_Cell,GDS507,80,50,1,14.2857
Carcinoma_Renal_Cell,GDS507,80,60,0,0
Carcinoma_Renal_Cell,GDS507,80,70,1,14.2857
Carcinoma_Renal_Cell,GDS507,80,80,1,14.2857
Carcinoma_Renal_Cell,GDS507,80,90,0,0
Carcinoma_Renal_Cell,GDS505,90,10,0,0
Carcinoma_Renal_Cell,GDS505,90,20,0,0
Carcinoma_Renal_Cell,GDS505,90,30,0,0
Carcinoma_Renal_Cell,GDS505,90,40,0,0
Carcinoma_Renal_Cell,GDS505,90,50,0,0
Carcinoma_Renal_Cell,GDS505,90,60,0,0
Carcinoma_Renal_Cell,GDS505,90,70,0,0
Carcinoma_Renal_Cell,GDS505,90,80,0,0
Carcinoma_Renal_Cell,GDS505,90,90,0,0
Carcinoma_Renal_Cell,GDS507,90,10,0,0
Carcinoma_Renal_Cell,GDS507,90,20,1,12.5
Carcinoma_Renal_Cell,GDS507,90,30,1,12.5
Carcinoma_Renal_Cell,GDS507,90,40,1,12.5
Carcinoma_Renal_Cell,GDS507,90,50,1,12.5
Carcinoma_Renal_Cell,GDS507,90,60,1,12.5
Carcinoma_Renal_Cell,GDS507,90,70,1,12.5
Carcinoma_Renal_Cell,GDS507,90,80,0,0
Carcinoma_Renal_Cell,GDS507,90,90,0,0
Dermatitis,GDS2381,10,10,1,100
Dermatitis,GDS2381,10,20,1,100
Dermatitis,GDS2381,10,30,0,0
Dermatitis,GDS2381,10,40,0,0
,,,,0,0
,,,,0,0
,,,,0,0
,,,,0,0
,,,,0,0
Dermatitis,GDS2382,10,10,-1,-100
Dermatitis,GDS2382,10,20,-1,-100
Dermatitis,GDS2382,10,30,-1,-100
Dermatitis,GDS2382,10,40,-1,-100
,,,,-1,-100
,,,,-1,-100
,,,,-1,-100
,,,,-1,-100
,,,,-1,-100
Dermatitis,GDS2484,10,10,0,0
Dermatitis,GDS2484,10,20,0,0
Dermatitis,GDS2484,10,30,0,0
Dermatitis,GDS2484,10,40,0,0
,,,,0,0
,,,,0,0
,,,,0,0
,,,,0,0
,,,,0,0
Dermatitis,GDS2381,20,10,0,0
Dermatitis,GDS2381,20,20,0,0
Dermatitis,GDS2381,20,30,1,33.3334
Dermatitis,GDS2381,20,40,1,33.3334
,,,,-1,-66.6667
,,,,-1,-66.6667
,,,,-1,-66.6667
,,,,-1,-66.6667
,,,,-1,-66.6667
Dermatitis,GDS2382,20,10,0,0
Dermatitis,GDS2382,20,20,0,0
Dermatitis,GDS2382,20,30,0,0
Dermatitis,GDS2382,20,40,0,0
,,,,-1,-66.6667
,,,,-1,-66.6667
,,,,-1,-66.6667
,,,,-1,-66.6667
,,,,-1,-66.6667
Dermatitis,GDS2484,20,10,0,0
Dermatitis,GDS2484,20,20,0,0
Dermatitis,GDS2484,20,30,0,0
Dermatitis,GDS2484,20,40,0,0
,,,,0,0
,,,,0,0
,,,,0,0
,,,,0,0
,,,,0,0
Dermatitis,GDS2381,30,10,0,0
Dermatitis,GDS2381,30,20,0,0
Dermatitis,GDS2381,30,30,0,0
Dermatitis,GDS2381,30,40,1,50
,,,,-1,-50
,,,,-1,-50
,,,,-1,-50
,,,,-1,-50
,,,,-1,-75
Dermatitis,GDS2382,30,10,-1,-20
Dermatitis,GDS2382,30,20,-1,-20
Dermatitis,GDS2382,30,30,-1,-20
Dermatitis,GDS2382,30,40,-1,-20
,,,,-1,-80
,,,,-1,-80
,,,,-1,-80
,,,,-1,-80
,,,,-1,-80
Dermatitis,GDS2484,30,10,0,0
Dermatitis,GDS2484,30,20,0,0
Dermatitis,GDS2484,30,30,0,0
Dermatitis,GDS2484,30,40,0,0
,,,,0,0
,,,,0,0
,,,,0,0
,,,,0,0
,,,,0,0
Dermatitis,GDS2381,40,10,0,0
Dermatitis,GDS2381,40,20,0,0
Dermatitis,GDS2381,40,30,0,0
Dermatitis,GDS2381,40,40,1,50
,,,,-1,-50
,,,,-1,-50
,,,,-1,-50
,,,,-1,-50
,,,,-1,-75
Dermatitis,GDS2382,40,10,-1,-16.6666
Dermatitis,GDS2382,40,20,-1,-33.3333
Dermatitis,GDS2382,40,30,-1,-16.6666
Dermatitis,GDS2382,40,40,-1,-16.6666
,,,,-1,-83.3333
,,,,-1,-83.3333
,,,,-1,-100
,,,,-1,-83.3333
,,,,-1,-100
Dermatitis,GDS2484,40,10,0,0
Dermatitis,GDS2484,40,20,-1,-50
Dermatitis,GDS2484,40,30,-1,-50
Dermatitis,GDS2484,40,40,-1,-50
,,,,-1,-50
,,,,-1,-50
,,,,-1,-50
,,,,-1,-50
,,,,-1,-50
Dermatitis,GDS2381,50,10,1,20
Dermatitis,GDS2381,50,20,0,0
Dermatitis,GDS2381,50,30,0,0
Dermatitis,GDS2381,50,40,0,0
,,,,-1,-80
,,,,-1,-60
,,,,-1,-60
,,,,-1,-60
,,,,-1,-60
Dermatitis,GDS2382,50,10,-1,-25
Dermatitis,GDS2382,50,20,-1,-50
Dermatitis,GDS2382,50,30,-1,-62.5
Dermatitis,GDS2382,50,40,-1,-62.5
,,,,-1,-87.5
,,,,-1,-87.5
,,,,-1,-87.5
,,,,-1,-87.5
,,,,-1,-87.5
Dermatitis,GDS2484,50,10,0,0
Dermatitis,GDS2484,50,20,0,0
Dermatitis,GDS2484,50,30,0,0
Dermatitis,GDS2484,50,40,0,0
,,,,0,0
,,,,0,0
,,,,0,0
,,,,0,0
,,,,0,0
Dermatitis,GDS2381,60,10,0,0
Dermatitis,GDS2381,60,20,1,16.6667
Dermatitis,GDS2381,60,30,0,0
Dermatitis,GDS2381,60,40,-1,-16.6666
,,,,-1,-83.3333
,,,,-1,-83.3333
,,,,-1,-83.3333
,,,,-1,-66.6667
,,,,-1,-66.6667
Dermatitis,GDS2382,60,10,-1,-11.1111
Dermatitis,GDS2382,60,20,-1,-11.1111
Dermatitis,GDS2382,60,30,-1,-22.2222
Dermatitis,GDS2382,60,40,-1,-22.2222
,,,,-1,-88.8889
,,,,-1,-88.8889
,,,,-1,-88.8889
,,,,-1,-88.8889
,,,,-1,-88.8889
Dermatitis,GDS2484,60,10,0,0
Dermatitis,GDS2484,60,20,0,0
Dermatitis,GDS2484,60,30,0,0
Dermatitis,GDS2484,60,40,0,0
,,,,0,0
,,,,0,0
,,,,0,0
,,,,0,0
,,,,0,0
Dermatitis,GDS2381,70,10,0,0
Dermatitis,GDS2381,70,20,1,16.6667
Dermatitis,GDS2381,70,30,0,0
Dermatitis,GDS2381,70,40,-1,-16.6666
,,,,-1,-83.3333
,,,,-1,-83.3333
,,,,-1,-83.3333
,,,,-1,-66.6667
,,,,-1,-66.6667
Dermatitis,GDS2382,70,10,-1,-20
Dermatitis,GDS2382,70,20,-1,-30
Dermatitis,GDS2382,70,30,-1,-30
Dermatitis,GDS2382,70,40,-1,-40
,,,,-1,-80
,,,,-1,-80
,,,,-1,-80
,,,,-1,-90
,,,,-1,-90
Dermatitis,GDS2484,70,10,0,0
Dermatitis,GDS2484,70,20,0,0
Dermatitis,GDS2484,70,30,0,0
Dermatitis,GDS2484,70,40,0,0
,,,,-1,-25
,,,,-1,-25
,,,,-1,-25
,,,,-1,-25
,,,,-1,-25
Dermatitis,GDS2381,80,10,0,0
Dermatitis,GDS2381,80,20,0,0
Dermatitis,GDS2381,80,30,-1,-12.5
Dermatitis,GDS2381,80,40,-1,-37.5
,,,,-1,-100
,,,,-1,-100
,,,,-1,-100
,,,,-1,-100
,,,,-1,-100
Dermatitis,GDS2382,80,10,-1,-27.2727
Dermatitis,GDS2382,80,20,-1,-45.4546
Dermatitis,GDS2382,80,30,-1,-72.7273
Dermatitis,GDS2382,80,40,-1,-72.7273
,,,,-1,-90.9091
,,,,-1,-90.9091
,,,,-1,-90.9091
,,,,-1,-100
,,,,-1,-100
Dermatitis,GDS2484,80,10,0,0
Dermatitis,GDS2484,80,20,0,0
Dermatitis,GDS2484,80,30,0,0
Dermatitis,GDS2484,80,40,0,0
,,,,-1,-25
,,,,-1,-25
,,,,-1,-25
,,,,-1,-25
,,,,-1,-25
Dermatitis,GDS2381,90,10,0,0
Dermatitis,GDS2381,90,20,0,0
Dermatitis,GDS2381,90,30,0,0
Dermatitis,GDS2381,90,40,0,0
,,,,-1,-66.6667
,,,,-1,-66.6667
,,,,-1,-66.6667
,,,,-1,-66.6667
,,,,-1,-66.6667
Dermatitis,GDS2382,90,10,-1,-27.2727
Dermatitis,GDS2382,90,20,-1,-45.4546
Dermatitis,GDS2382,90,30,-1,-72.7273
Dermatitis,GDS2382,90,40,-1,-72.7273
,,,,-1,-90.9091
,,,,-1,-90.9091
,,,,-1,-90.9091
,,,,-1,-100
,,,,-1,-100
Dermatitis,GDS2484,90,10,0,0
Dermatitis,GDS2484,90,20,0,0
Dermatitis,GDS2484,90,30,0,0
Dermatitis,GDS2484,90,40,0,0
,,,,-1,-25
,,,,-1,-25
,,,,-1,-25
,,,,-1,-25
,,,,-1,-25
Diabetes,GDS3104,10,10,-1,-50
Diabetes,GDS3104,10,20,-1,-50
Diabetes,GDS3104,10,30,-1,-50
Diabetes,GDS3104,10,40,-1,-50
Diabetes,GDS3104,10,50,-1,-50
Diabetes,GDS3104,10,60,-1,-50
,,,,-1,-100
,,,,-1,-100
,,,,-1,-100
Diabetes,GDS3347,10,10,-1,-100
Diabetes,GDS3347,10,20,-1,-100
Diabetes,GDS3347,10,30,-1,-100
Diabetes,GDS3347,10,40,-1,-100
Diabetes,GDS3347,10,50,-1,-100
Diabetes,GDS3347,10,60,-1,-100
,,,,-1,-100
,,,,-1,-100
,,,,-1,-100
Diabetes,GDS3681,10,10,-1,-50
Diabetes,GDS3681,10,20,-1,-50
Diabetes,GDS3681,10,30,0,0
Diabetes,GDS3681,10,40,-1,-50
Diabetes,GDS3681,10,50,0,0
Diabetes,GDS3681,10,60,0,0
,,,,-1,-100
,,,,-1,-100
,,,,-1,-100
Diabetes,GDS961,10,10,0,0
Diabetes,GDS961,10,20,0,0
Diabetes,GDS961,10,30,0,0
Diabetes,GDS961,10,40,0,0
Diabetes,GDS961,10,50,0,0
Diabetes,GDS961,10,60,0,0
,,,,0,0
,,,,0,0
,,,,0,0
Diabetes,GDS3104,20,10,-1,-40
Diabetes,GDS3104,20,20,-1,-40
Diabetes,GDS3104,20,30,-1,-40
Diabetes,GDS3104,20,40,-1,-60
Diabetes,GDS3104,20,50,-1,-40
Diabetes,GDS3104,20,60,-1,-60
,,,,-1,-100
,,,,-1,-100
,,,,-1,-100
Diabetes,GDS3347,20,10,1,33.3334
Diabetes,GDS3347,20,20,0,0
Diabetes,GDS3347,20,30,0,0
Diabetes,GDS3347,20,40,0,0
Diabetes,GDS3347,20,50,0,0
Diabetes,GDS3347,20,60,0,0
,,,,-1,-66.6667
,,,,-1,-66.6667
,,,,-1,-66.6667
Diabetes,GDS3681,20,10,-1,-33.3333
Diabetes,GDS3681,20,20,0,0
Diabetes,GDS3681,20,30,0,0
Diabetes,GDS3681,20,40,0,0
Diabetes,GDS3681,20,50,-1,-33.3333
Diabetes,GDS3681,20,60,0,0
,,,,-1,-100
,,,,-1,-66.6667
,,,,-1,-100
Diabetes,GDS961,20,10,-1,-100
Diabetes,GDS961,20,20,-1,-100
Diabetes,GDS961,20,30,-1,-100
Diabetes,GDS961,20,40,-1,-100
Diabetes,GDS961,20,50,0,0
Diabetes,GDS961,20,60,0,0
,,,,-1,-100
,,,,-1,-100
,,,,-1,-100
Diabetes,GDS3104,30,10,-1,-25
Diabetes,GDS3104,30,20,-1,-37.5
Diabetes,GDS3104,30,30,-1,-62.5
Diabetes,GDS3104,30,40,-1,-75
Diabetes,GDS3104,30,50,-1,-75
Diabetes,GDS3104,30,60,-1,-75
,,,,-1,-100
,,,,-1,-100
,,,,-1,-100
Diabetes,GDS3347,30,10,0,0
Diabetes,GDS3347,30,20,0,0
Diabetes,GDS3347,30,30,0,0
Diabetes,GDS3347,30,40,0,0
Diabetes,GDS3347,30,50,1,20
Diabetes,GDS3347,30,60,1,20
,,,,-1,-60
,,,,-1,-60
,,,,-1,-60
Diabetes,GDS3681,30,10,1,40
Diabetes,GDS3681,30,20,1,20
Diabetes,GDS3681,30,30,1,40
Diabetes,GDS3681,30,40,1,40
Diabetes,GDS3681,30,50,-1,-40
Diabetes,GDS3681,30,60,-1,-20
,,,,-1,-60
,,,,-1,-60
,,,,-1,-60
Diabetes,GDS961,30,10,-1,-100
Diabetes,GDS961,30,20,-1,-100
Diabetes,GDS961,30,30,-1,-100
Diabetes,GDS961,30,40,-1,-100
Diabetes,GDS961,30,50,0,0
Diabetes,GDS961,30,60,0,0
,,,,-1,-100
,,,,-1,-100
,,,,-1,-100
Diabetes,GDS3104,40,10,-1,-33.3333
Diabetes,GDS3104,40,20,-1,-22.2222
Diabetes,GDS3104,40,30,-1,-44.4445
Diabetes,GDS3104,40,40,-1,-44.4445
Diabetes,GDS3104,40,50,-1,-33.3333
Diabetes,GDS3104,40,60,-1,-44.4445
,,,,-1,-88.8889
,,,,-1,-88.8889
,,,,-1,-88.8889
Diabetes,GDS3347,40,10,-1,-33.3333
Diabetes,GDS3347,40,20,-1,-16.6667
Diabetes,GDS3347,40,30,-1,-16.6667
Diabetes,GDS3347,40,40,-1,-16.6667
Diabetes,GDS3347,40,50,-1,-16.6667
Diabetes,GDS3347,40,60,-1,-33.3333
,,,,-1,-83.3333
,,,,-1,-66.6667
,,,,-1,-66.6667
Diabetes,GDS3681,40,10,1,16.6667
Diabetes,GDS3681,40,20,0,0
Diabetes,GDS3681,40,30,1,16.6667
Diabetes,GDS3681,40,40,1,16.6667
Diabetes,GDS3681,40,50,1,16.6667
Diabetes,GDS3681,40,60,1,16.6667
,,,,-1,-66.6667
,,,,-1,-66.6667
,,,,-1,-66.6667
Diabetes,GDS961,40,10,-1,-50
Diabetes,GDS961,40,20,0,0
Diabetes,GDS961,40,30,0,0
Diabetes,GDS961,40,40,0,0
Diabetes,GDS961,40,50,0,0
Diabetes,GDS961,40,60,0,0
,,,,-1,-100
,,,,-1,-100
,,,,-1,-100
Diabetes,GDS3104,50,10,-1,-33.3333
Diabetes,GDS3104,50,20,-1,-22.2222
Diabetes,GDS3104,50,30,-1,-44.4445
Diabetes,GDS3104,50,40,-1,-44.4445
Diabetes,GDS3104,50,50,-1,-33.3333
Diabetes,GDS3104,50,60,-1,-44.4445
,,,,-1,-88.8889
,,,,-1,-88.8889
,,,,-1,-88.8889
Diabetes,GDS3347,50,10,-1,-14.2858
Diabetes,GDS3347,50,20,-1,-28.5715
Diabetes,GDS3347,50,30,-1,-28.5715
Diabetes,GDS3347,50,40,-1,-28.5715
Diabetes,GDS3347,50,50,-1,-28.5715
Diabetes,GDS3347,50,60,-1,-42.8572
,,,,-1,-71.4286
,,,,-1,-71.4286
,,,,-1,-85.7143
Diabetes,GDS3681,50,10,-1,-12.5
Diabetes,GDS3681,50,20,-1,-12.5
Diabetes,GDS3681,50,30,-1,-12.5
Diabetes,GDS3681,50,40,-1,-25
Diabetes,GDS3681,50,50,-1,-25
Diabetes,GDS3681,50,60,-1,-25
,,,,-1,-75
,,,,-1,-75
,,,,-1,-87.5
Diabetes,GDS961,50,10,-1,-33.3333
Diabetes,GDS961,50,20,-1,-66.6667
Diabetes,GDS961,50,30,-1,-66.6667
Diabetes,GDS961,50,40,-1,-66.6667
Diabetes,GDS961,50,50,-1,-66.6667
Diabetes,GDS961,50,60,-1,-66.6667
,,,,-1,-100
,,,,-1,-100
,,,,-1,-100
Diabetes,GDS3104,60,10,-1,-50.641
Diabetes,GDS3104,60,20,-1,-75
Diabetes,GDS3104,60,30,-1,-66.6667
Diabetes,GDS3104,60,40,-1,-66.6667
Diabetes,GDS3104,60,50,-1,-66.6667
Diabetes,GDS3104,60,60,-1,-66.6667
,,,,-1,-91.6667
,,,,-1,-91.6667
,,,,-1,-91.6667
Diabetes,GDS3347,60,10,-1,-25
Diabetes,GDS3347,60,20,-1,-25
Diabetes,GDS3347,60,30,-1,-12.5
Diabetes,GDS3347,60,40,-1,-25
Diabetes,GDS3347,60,50,-1,-25
Diabetes,GDS3347,60,60,-1,-25
,,,,-1,-75
,,,,-1,-75
,,,,-1,-75
Diabetes,GDS3681,60,10,-1,-11.1111
Diabetes,GDS3681,60,20,-1,-22.2222
Diabetes,GDS3681,60,30,-1,-33.3333
Diabetes,GDS3681,60,40,-1,-33.3333
Diabetes,GDS3681,60,50,-1,-33.3333
Diabetes,GDS3681,60,60,-1,-33.3333
,,,,-1,-88.8889
,,,,-1,-88.8889
,,,,-1,-88.8889
Diabetes,GDS961,60,10,-1,-33.3333
Diabetes,GDS961,60,20,-1,-66.6667
Diabetes,GDS961,60,30,-1,-66.6667
Diabetes,GDS961,60,40,-1,-66.6667
Diabetes,GDS961,60,50,-1,-66.6667
Diabetes,GDS961,60,60,-1,-66.6667
,,,,-1,-100
,,,,-1,-100
,,,,-1,-100
Diabetes,GDS3104,70,10,-1,-64.7619
Diabetes,GDS3104,70,20,-1,-71.4286
Diabetes,GDS3104,70,30,-1,-64.2857
Diabetes,GDS3104,70,40,-1,-64.2857
Diabetes,GDS3104,70,50,-1,-64.2857
Diabetes,GDS3104,70,60,-1,-64.2857
,,,,-1,-92.8571
,,,,-1,-92.8571
,,,,-1,-92.8571
Diabetes,GDS3347,70,10,0,0
Diabetes,GDS3347,70,20,-1,-30
Diabetes,GDS3347,70,30,-1,-30
Diabetes,GDS3347,70,40,-1,-30
Diabetes,GDS3347,70,50,-1,-30
Diabetes,GDS3347,70,60,-1,-30
,,,,-1,-80
,,,,-1,-80
,,,,-1,-80
Diabetes,GDS3681,70,10,-1,-20
Diabetes,GDS3681,70,20,-1,-20
Diabetes,GDS3681,70,30,-1,-20
Diabetes,GDS3681,70,40,-1,-20
Diabetes,GDS3681,70,50,-1,-10
Diabetes,GDS3681,70,60,-1,-10
,,,,-1,-80
,,,,-1,-80
,,,,-1,-70
Diabetes,GDS961,70,10,-1,-25
Diabetes,GDS961,70,20,-1,-50
Diabetes,GDS961,70,30,-1,-50
Diabetes,GDS961,70,40,-1,-50
Diabetes,GDS961,70,50,-1,-25
Diabetes,GDS961,70,60,-1,-50
,,,,-1,-100
,,,,-1,-100
,,,,-1,-100
Diabetes,GDS3104,80,10,-1,-43.75
Diabetes,GDS3104,80,20,-1,-50
Diabetes,GDS3104,80,30,-1,-56.25
Diabetes,GDS3104,80,40,-1,-50
Diabetes,GDS3104,80,50,-1,-50
Diabetes,GDS3104,80,60,-1,-50
,,,,-1,-87.5
,,,,-1,-87.5
,,,,-1,-87.5
Diabetes,GDS3347,80,10,-1,-27.2728
Diabetes,GDS3347,80,20,-1,-27.2728
Diabetes,GDS3347,80,30,-1,-36.3637
Diabetes,GDS3347,80,40,-1,-36.3637
Diabetes,GDS3347,80,50,-1,-36.3637
Diabetes,GDS3347,80,60,-1,-36.3637
,,,,-1,-81.8182
,,,,-1,-81.8182
,,,,-1,-81.8182
Diabetes,GDS3681,80,10,-1,-27.2727
Diabetes,GDS3681,80,20,-1,-27.2727
Diabetes,GDS3681,80,30,-1,-18.1818
Diabetes,GDS3681,80,40,-1,-18.1818
Diabetes,GDS3681,80,50,-1,-18.1818
Diabetes,GDS3681,80,60,-1,-18.1818
,,,,-1,-72.7273
,,,,-1,-72.7273
,,,,-1,-72.7273
Diabetes,GDS961,80,10,-1,-25
Diabetes,GDS961,80,20,-1,-50
Diabetes,GDS961,80,30,-1,-50
Diabetes,GDS961,80,40,-1,-50
Diabetes,GDS961,80,50,-1,-25
Diabetes,GDS961,80,60,-1,-50
,,,,-1,-100
,,,,-1,-100
,,,,-1,-100
Diabetes,GDS3104,90,10,-1,-47.3684
Diabetes,GDS3104,90,20,-1,-42.1052
Diabetes,GDS3104,90,30,-1,-36.8421
Diabetes,GDS3104,90,40,-1,-36.8421
Diabetes,GDS3104,90,50,-1,-36.8421
Diabetes,GDS3104,90,60,-1,-36.8421
,,,,-1,-89.4737
,,,,-1,-89.4737
,,,,-1,-89.4737
Diabetes,GDS3347,90,10,0,0
Diabetes,GDS3347,90,20,-1,-23.077
Diabetes,GDS3347,90,30,-1,-15.3847
Diabetes,GDS3347,90,40,-1,-15.3847
Diabetes,GDS3347,90,50,-1,-15.3847
Diabetes,GDS3347,90,60,-1,-15.3847
,,,,-1,-76.9231
,,,,-1,-76.9231
,,,,-1,-76.9231
Diabetes,GDS3681,90,10,-1,-15.3846
Diabetes,GDS3681,90,20,-1,-23.0769
Diabetes,GDS3681,90,30,-1,-7.6923
Diabetes,GDS3681,90,40,-1,-7.6923
Diabetes,GDS3681,90,50,-1,-7.6923
Diabetes,GDS3681,90,60,-1,-7.6923
,,,,-1,-61.5385
,,,,-1,-61.5385
,,,,-1,-61.5385
Diabetes,GDS961,90,10,-1,-25
Diabetes,GDS961,90,20,-1,-50
Diabetes,GDS961,90,30,-1,-50
Diabetes,GDS961,90,40,-1,-50
Diabetes,GDS961,90,50,-1,-25
Diabetes,GDS961,90,60,-1,-50
,,,,-1,-100
,,,,-1,-100
,,,,-1,-100
Kidney_Neoplasm,GDS505,10,10,0,0
Kidney_Neoplasm,GDS505,10,20,0,0
Kidney_Neoplasm,GDS505,10,30,0,0
Kidney_Neoplasm,GDS505,10,40,0,0
Kidney_Neoplasm,GDS505,10,50,0,0
Kidney_Neoplasm,GDS505,10,60,0,0
Kidney_Neoplasm,GDS505,10,70,0,0
Kidney_Neoplasm,GDS505,10,80,0,0
Kidney_Neoplasm,GDS505,10,90,0,0
Kidney_Neoplasm,GDS507,10,10,0,0
Kidney_Neoplasm,GDS507,10,20,0,0
Kidney_Neoplasm,GDS507,10,30,0,0
Kidney_Neoplasm,GDS507,10,40,0,0
Kidney_Neoplasm,GDS507,10,50,0,0
Kidney_Neoplasm,GDS507,10,60,0,0
Kidney_Neoplasm,GDS507,10,70,0,0
Kidney_Neoplasm,GDS507,10,80,0,0
Kidney_Neoplasm,GDS507,10,90,0,0
Kidney_Neoplasm,GDS505,20,10,1,33.3333
Kidney_Neoplasm,GDS505,20,20,1,33.3333
Kidney_Neoplasm,GDS505,20,30,1,33.3333
Kidney_Neoplasm,GDS505,20,40,1,33.3333
Kidney_Neoplasm,GDS505,20,50,1,33.3333
Kidney_Neoplasm,GDS505,20,60,1,33.3333
Kidney_Neoplasm,GDS505,20,70,1,33.3333
Kidney_Neoplasm,GDS505,20,80,1,33.3333
Kidney_Neoplasm,GDS505,20,90,1,33.3333
Kidney_Neoplasm,GDS507,20,10,0,0
Kidney_Neoplasm,GDS507,20,20,0,0
Kidney_Neoplasm,GDS507,20,30,0,0
Kidney_Neoplasm,GDS507,20,40,0,0
Kidney_Neoplasm,GDS507,20,50,0,0
Kidney_Neoplasm,GDS507,20,60,0,0
Kidney_Neoplasm,GDS507,20,70,0,0
Kidney_Neoplasm,GDS507,20,80,0,0
Kidney_Neoplasm,GDS507,20,90,0,0
Kidney_Neoplasm,GDS505,30,10,0,0
Kidney_Neoplasm,GDS505,30,20,1,20
Kidney_Neoplasm,GDS505,30,30,1,20
Kidney_Neoplasm,GDS505,30,40,1,20
Kidney_Neoplasm,GDS505,30,50,1,20
Kidney_Neoplasm,GDS505,30,60,1,20
Kidney_Neoplasm,GDS505,30,70,1,20
Kidney_Neoplasm,GDS505,30,80,1,20
Kidney_Neoplasm,GDS505,30,90,1,20
Kidney_Neoplasm,GDS507,30,10,0,0
Kidney_Neoplasm,GDS507,30,20,0,0
Kidney_Neoplasm,GDS507,30,30,0,0
Kidney_Neoplasm,GDS507,30,40,0,0
Kidney_Neoplasm,GDS507,30,50,0,0
Kidney_Neoplasm,GDS507,30,60,0,0
Kidney_Neoplasm,GDS507,30,70,0,0
Kidney_Neoplasm,GDS507,30,80,0,0
Kidney_Neoplasm,GDS507,30,90,0,0
Kidney_Neoplasm,GDS505,40,10,0,0
Kidney_Neoplasm,GDS505,40,20,1,20
Kidney_Neoplasm,GDS505,40,30,1,20
Kidney_Neoplasm,GDS505,40,40,1,20
Kidney_Neoplasm,GDS505,40,50,1,20
Kidney_Neoplasm,GDS505,40,60,1,20
Kidney_Neoplasm,GDS505,40,70,1,20
Kidney_Neoplasm,GDS505,40,80,1,20
Kidney_Neoplasm,GDS505,40,90,1,20
Kidney_Neoplasm,GDS507,40,10,0,0
Kidney_Neoplasm,GDS507,40,20,0,0
Kidney_Neoplasm,GDS507,40,30,0,0
Kidney_Neoplasm,GDS507,40,40,0,0
Kidney_Neoplasm,GDS507,40,50,0,0
Kidney_Neoplasm,GDS507,40,60,0,0
Kidney_Neoplasm,GDS507,40,70,0,0
Kidney_Neoplasm,GDS507,40,80,0,0
Kidney_Neoplasm,GDS507,40,90,0,0
Kidney_Neoplasm,GDS505,50,10,0,0
Kidney_Neoplasm,GDS505,50,20,1,16.6667
Kidney_Neoplasm,GDS505,50,30,1,16.6667
Kidney_Neoplasm,GDS505,50,40,1,16.6667
Kidney_Neoplasm,GDS505,50,50,1,16.6667
Kidney_Neoplasm,GDS505,50,60,1,16.6667
Kidney_Neoplasm,GDS505,50,70,1,16.6667
Kidney_Neoplasm,GDS505,50,80,1,16.6667
Kidney_Neoplasm,GDS505,50,90,1,16.6667
Kidney_Neoplasm,GDS507,50,10,0,0
Kidney_Neoplasm,GDS507,50,20,0,0
Kidney_Neoplasm,GDS507,50,30,0,0
Kidney_Neoplasm,GDS507,50,40,0,0
Kidney_Neoplasm,GDS507,50,50,0,0
Kidney_Neoplasm,GDS507,50,60,0,0
Kidney_Neoplasm,GDS507,50,70,0,0
Kidney_Neoplasm,GDS507,50,80,0,0
Kidney_Neoplasm,GDS507,50,90,0,0
Kidney_Neoplasm,GDS505,60,10,0,0
Kidney_Neoplasm,GDS505,60,20,1,16.6667
Kidney_Neoplasm,GDS505,60,30,1,16.6667
Kidney_Neoplasm,GDS505,60,40,1,16.6667
Kidney_Neoplasm,GDS505,60,50,1,16.6667
Kidney_Neoplasm,GDS505,60,60,1,16.6667
Kidney_Neoplasm,GDS505,60,70,1,16.6667
Kidney_Neoplasm,GDS505,60,80,1,16.6667
Kidney_Neoplasm,GDS505,60,90,1,16.6667
Kidney_Neoplasm,GDS507,60,10,0,0
Kidney_Neoplasm,GDS507,60,20,1,12.5
Kidney_Neoplasm,GDS507,60,30,1,12.5
Kidney_Neoplasm,GDS507,60,40,1,12.5
Kidney_Neoplasm,GDS507,60,50,1,12.5
Kidney_Neoplasm,GDS507,60,60,1,12.5
Kidney_Neoplasm,GDS507,60,70,1,12.5
Kidney_Neoplasm,GDS507,60,80,1,12.5
Kidney_Neoplasm,GDS507,60,90,1,12.5
Kidney_Neoplasm,GDS505,70,10,0,0
Kidney_Neoplasm,GDS505,70,20,1,16.6667
Kidney_Neoplasm,GDS505,70,30,1,16.6667
Kidney_Neoplasm,GDS505,70,40,1,16.6667
Kidney_Neoplasm,GDS505,70,50,1,16.6667
Kidney_Neoplasm,GDS505,70,60,1,16.6667
Kidney_Neoplasm,GDS505,70,70,1,16.6667
Kidney_Neoplasm,GDS505,70,80,1,16.6667
Kidney_Neoplasm,GDS505,70,90,1,16.6667
Kidney_Neoplasm,GDS507,70,10,0,0
Kidney_Neoplasm,GDS507,70,20,1,12.5
Kidney_Neoplasm,GDS507,70,30,1,12.5
Kidney_Neoplasm,GDS507,70,40,1,12.5
Kidney_Neoplasm,GDS507,70,50,1,12.5
Kidney_Neoplasm,GDS507,70,60,1,12.5
Kidney_Neoplasm,GDS507,70,70,1,12.5
Kidney_Neoplasm,GDS507,70,80,1,12.5
Kidney_Neoplasm,GDS507,70,90,1,12.5
Kidney_Neoplasm,GDS505,80,10,1,12.5
Kidney_Neoplasm,GDS505,80,20,1,12.5
Kidney_Neoplasm,GDS505,80,30,1,12.5
Kidney_Neoplasm,GDS505,80,40,1,12.5
Kidney_Neoplasm,GDS505,80,50,1,12.5
Kidney_Neoplasm,GDS505,80,60,0,0
Kidney_Neoplasm,GDS505,80,70,1,12.5
Kidney_Neoplasm,GDS505,80,80,1,12.5
Kidney_Neoplasm,GDS505,80,90,1,12.5
Kidney_Neoplasm,GDS507,80,10,1,11.1111
Kidney_Neoplasm,GDS507,80,20,1,11.1111
Kidney_Neoplasm,GDS507,80,30,1,11.1111
Kidney_Neoplasm,GDS507,80,40,1,11.1111
Kidney_Neoplasm,GDS507,80,50,1,11.1111
Kidney_Neoplasm,GDS507,80,60,1,11.1111
Kidney_Neoplasm,GDS507,80,70,1,11.1111
Kidney_Neoplasm,GDS507,80,80,1,11.1111
Kidney_Neoplasm,GDS507,80,90,1,11.1111
Kidney_Neoplasm,GDS505,90,10,1,11.1111
Kidney_Neoplasm,GDS505,90,20,1,11.1111
Kidney_Neoplasm,GDS505,90,30,1,11.1111
Kidney_Neoplasm,GDS505,90,40,1,11.1111
Kidney_Neoplasm,GDS505,90,50,1,11.1111
Kidney_Neoplasm,GDS505,90,60,1,11.1111
Kidney_Neoplasm,GDS505,90,70,1,11.1111
Kidney_Neoplasm,GDS505,90,80,1,11.1111
Kidney_Neoplasm,GDS505,90,90,1,11.1111
Kidney_Neoplasm,GDS507,90,10,1,11.1111
Kidney_Neoplasm,GDS507,90,20,1,11.1111
Kidney_Neoplasm,GDS507,90,30,1,11.1111
Kidney_Neoplasm,GDS507,90,40,1,11.1111
Kidney_Neoplasm,GDS507,90,50,1,11.1111
Kidney_Neoplasm,GDS507,90,60,1,11.1111
Kidney_Neoplasm,GDS507,90,70,1,11.1111
Kidney_Neoplasm,GDS507,90,80,1,11.1111
Kidney_Neoplasm,GDS507,90,90,1,11.1111
Leiomyoma,GDS2245,10,10,0,0
Leiomyoma,GDS2245,10,20,0,0
Leiomyoma,GDS2245,10,30,0,0
Leiomyoma,GDS2245,10,40,0,0
Leiomyoma,GDS2245,10,50,0,0
Leiomyoma,GDS2245,10,60,0,0
Leiomyoma,GDS2245,10,70,0,0
Leiomyoma,GDS2245,10,80,0,0
Leiomyoma,GDS2245,10,90,0,0
Leiomyoma,GDS2737,10,10,1,33.3333
Leiomyoma,GDS2737,10,20,0,0
Leiomyoma,GDS2737,10,30,-1,-33.3333
Leiomyoma,GDS2737,10,40,-1,-33.3333
Leiomyoma,GDS2737,10,50,-1,-33.3333
Leiomyoma,GDS2737,10,60,-1,-33.3333
Leiomyoma,GDS2737,10,70,-1,-66.6667
Leiomyoma,GDS2737,10,80,-1,-66.6667
Leiomyoma,GDS2737,10,90,-1,-66.6667
Leiomyoma,GDS2245,20,10,0,0
Leiomyoma,GDS2245,20,20,0,0
Leiomyoma,GDS2245,20,30,0,0
Leiomyoma,GDS2245,20,40,0,0
Leiomyoma,GDS2245,20,50,0,0
Leiomyoma,GDS2245,20,60,0,0
Leiomyoma,GDS2245,20,70,0,0
Leiomyoma,GDS2245,20,80,0,0
Leiomyoma,GDS2245,20,90,0,0
Leiomyoma,GDS2737,20,10,-1,-14.2857
Leiomyoma,GDS2737,20,20,-1,-28.5714
Leiomyoma,GDS2737,20,30,0,0
Leiomyoma,GDS2737,20,40,0,0
Leiomyoma,GDS2737,20,50,-1,-42.8572
Leiomyoma,GDS2737,20,60,-1,-57.1429
Leiomyoma,GDS2737,20,70,-1,-57.1429
Leiomyoma,GDS2737,20,80,-1,-71.4286
Leiomyoma,GDS2737,20,90,-1,-57.1429
Leiomyoma,GDS2245,30,10,-1,-25
Leiomyoma,GDS2245,30,20,0,0
Leiomyoma,GDS2245,30,30,0,0
Leiomyoma,GDS2245,30,40,0,0
Leiomyoma,GDS2245,30,50,0,0
Leiomyoma,GDS2245,30,60,0,0
Leiomyoma,GDS2245,30,70,0,0
Leiomyoma,GDS2245,30,80,0,0
Leiomyoma,GDS2245,30,90,0,0
Leiomyoma,GDS2737,30,10,-1,-40
Leiomyoma,GDS2737,30,20,-1,-50
Leiomyoma,GDS2737,30,30,-1,-10
Leiomyoma,GDS2737,30,40,-1,-30
Leiomyoma,GDS2737,30,50,-1,-30
Leiomyoma,GDS2737,30,60,-1,-30
Leiomyoma,GDS2737,30,70,-1,-50
Leiomyoma,GDS2737,30,80,-1,-50
Leiomyoma,GDS2737,30,90,-1,-50
Leiomyoma,GDS2245,40,10,-1,-20
Leiomyoma,GDS2245,40,20,-1,-20
Leiomyoma,GDS2245,40,30,0,0
Leiomyoma,GDS2245,40,40,0,0
Leiomyoma,GDS2245,40,50,0,0
Leiomyoma,GDS2245,40,60,0,0
Leiomyoma,GDS2245,40,70,0,0
Leiomyoma,GDS2245,40,80,0,0
Leiomyoma,GDS2245,40,90,0,0
Leiomyoma,GDS2737,40,10,-1,-25
Leiomyoma,GDS2737,40,20,-1,-33.3334
Leiomyoma,GDS2737,40,30,-1,-41.6667
Leiomyoma,GDS2737,40,40,-1,-33.3334
Leiomyoma,GDS2737,40,50,-1,-33.3334
Leiomyoma,GDS2737,40,60,-1,-50
Leiomyoma,GDS2737,40,70,-1,-50
Leiomyoma,GDS2737,40,80,-1,-50
Leiomyoma,GDS2737,40,90,-1,-50
Leiomyoma,GDS2245,50,10,1,10.7143
Leiomyoma,GDS2245,50,20,0,0
Leiomyoma,GDS2245,50,30,-1,-14.2857
Leiomyoma,GDS2245,50,40,-1,-14.2857
Leiomyoma,GDS2245,50,50,-1,-28.5714
Leiomyoma,GDS2245,50,60,-1,-14.2857
Leiomyoma,GDS2245,50,70,-1,-14.2857
Leiomyoma,GDS2245,50,80,-1,-14.2857
Leiomyoma,GDS2245,50,90,-1,-14.2857
Leiomyoma,GDS2737,50,10,-1,-33.3333
Leiomyoma,GDS2737,50,20,-1,-20
Leiomyoma,GDS2737,50,30,-1,-26.6666
Leiomyoma,GDS2737,50,40,-1,-26.6666
Leiomyoma,GDS2737,50,50,-1,-26.6666
Leiomyoma,GDS2737,50,60,-1,-40
Leiomyoma,GDS2737,50,70,-1,-53.3333
Leiomyoma,GDS2737,50,80,-1,-46.6667
Leiomyoma,GDS2737,50,90,-1,-46.6667
Leiomyoma,GDS2245,60,10,-1,-14.2857
Leiomyoma,GDS2245,60,20,0,0
Leiomyoma,GDS2245,60,30,-1,-14.2857
Leiomyoma,GDS2245,60,40,-1,-14.2857
Leiomyoma,GDS2245,60,50,-1,-28.5714
Leiomyoma,GDS2245,60,60,-1,-14.2857
Leiomyoma,GDS2245,60,70,-1,-14.2857
Leiomyoma,GDS2245,60,80,-1,-14.2857
Leiomyoma,GDS2245,60,90,-1,-14.2857
Leiomyoma,GDS2737,60,10,-1,-33.3333
Leiomyoma,GDS2737,60,20,-1,-33.3333
Leiomyoma,GDS2737,60,30,-1,-27.7778
Leiomyoma,GDS2737,60,40,-1,-27.7778
Leiomyoma,GDS2737,60,50,-1,-38.8889
Leiomyoma,GDS2737,60,60,-1,-50
Leiomyoma,GDS2737,60,70,-1,-50
Leiomyoma,GDS2737,60,80,-1,-50
Leiomyoma,GDS2737,60,90,-1,-44.4444
Leiomyoma,GDS2245,70,10,-1,-75
Leiomyoma,GDS2245,70,20,-1,-25
Leiomyoma,GDS2245,70,30,-1,-37.5
Leiomyoma,GDS2245,70,40,-1,-50
Leiomyoma,GDS2245,70,50,-1,-62.5
Leiomyoma,GDS2245,70,60,-1,-75
Leiomyoma,GDS2245,70,70,-1,-75
Leiomyoma,GDS2245,70,80,-1,-75
Leiomyoma,GDS2245,70,90,-1,-87.5
Leiomyoma,GDS2737,70,10,-1,-30
Leiomyoma,GDS2737,70,20,-1,-45
Leiomyoma,GDS2737,70,30,-1,-35
Leiomyoma,GDS2737,70,40,-1,-35
Leiomyoma,GDS2737,70,50,-1,-30
Leiomyoma,GDS2737,70,60,-1,-30
Leiomyoma,GDS2737,70,70,-1,-25
Leiomyoma,GDS2737,70,80,-1,-30
Leiomyoma,GDS2737,70,90,-1,-40
Leiomyoma,GDS2245,80,10,-1,-20
Leiomyoma,GDS2245,80,20,-1,-40
Leiomyoma,GDS2245,80,30,-1,-40
Leiomyoma,GDS2245,80,40,-1,-50
Leiomyoma,GDS2245,80,50,-1,-60
Leiomyoma,GDS2245,80,60,-1,-70
Leiomyoma,GDS2245,80,70,-1,-70
Leiomyoma,GDS2245,80,80,-1,-70
Leiomyoma,GDS2245,80,90,-1,-70
Leiomyoma,GDS2737,80,10,-1,-41.6667
Leiomyoma,GDS2737,80,20,-1,-54.1667
Leiomyoma,GDS2737,80,30,-1,-33.3333
Leiomyoma,GDS2737,80,40,-1,-33.3333
Leiomyoma,GDS2737,80,50,-1,-33.3333
Leiomyoma,GDS2737,80,60,-1,-20.8333
Leiomyoma,GDS2737,80,70,-1,-29.1667
Leiomyoma,GDS2737,80,80,-1,-41.6667
Leiomyoma,GDS2737,80,90,-1,-41.6667
Leiomyoma,GDS2245,90,10,-1,-8.3333
Leiomyoma,GDS2245,90,20,0,0
Leiomyoma,GDS2245,90,30,-1,-8.3333
Leiomyoma,GDS2245,90,40,-1,-8.3333
Leiomyoma,GDS2245,90,50,0,0
Leiomyoma,GDS2245,90,60,0,0
Leiomyoma,GDS2245,90,70,-1,-8.3334
Leiomyoma,GDS2245,90,80,-1,-8.3334
Leiomyoma,GDS2245,90,90,-1,-8.3334
Leiomyoma,GDS2737,90,10,-1,-30.7692
Leiomyoma,GDS2737,90,20,-1,-38.4615
Leiomyoma,GDS2737,90,30,-1,-30.7692
Leiomyoma,GDS2737,90,40,-1,-26.923
Leiomyoma,GDS2737,90,50,-1,-34.6154
Leiomyoma,GDS2737,90,60,-1,-46.1538
Leiomyoma,GDS2737,90,70,-1,-50
Leiomyoma,GDS2737,90,80,-1,-46.1538
Leiomyoma,GDS2737,90,90,-1,-46.1538
Muscular_Dystrophies_Limb-Girdle,GDS3474,10,10,-1,-100
Muscular_Dystrophies_Limb-Girdle,GDS3474,10,20,-1,-50
Muscular_Dystrophies_Limb-Girdle,GDS3474,10,30,0,0
Muscular_Dystrophies_Limb-Girdle,GDS3474,10,40,0,0
Muscular_Dystrophies_Limb-Girdle,GDS3474,10,50,-1,-50
Muscular_Dystrophies_Limb-Girdle,GDS3474,10,60,0,0
Muscular_Dystrophies_Limb-Girdle,GDS3474,10,70,-1,-50
Muscular_Dystrophies_Limb-Girdle,GDS3474,10,80,-1,-50
Muscular_Dystrophies_Limb-Girdle,GDS3474,10,90,-1,-50
Muscular_Dystrophies_Limb-Girdle,GDS3475,10,10,0,0
Muscular_Dystrophies_Limb-Girdle,GDS3475,10,20,0,0
Muscular_Dystrophies_Limb-Girdle,GDS3475,10,30,0,0
Muscular_Dystrophies_Limb-Girdle,GDS3475,10,40,0,0
Muscular_Dystrophies_Limb-Girdle,GDS3475,10,50,0,0
Muscular_Dystrophies_Limb-Girdle,GDS3475,10,60,0,0
Muscular_Dystrophies_Limb-Girdle,GDS3475,10,70,0,0
Muscular_Dystrophies_Limb-Girdle,GDS3475,10,80,0,0
Muscular_Dystrophies_Limb-Girdle,GDS3475,10,90,0,0
Muscular_Dystrophies_Limb-Girdle,GDS3474,20,10,-1,-25
Muscular_Dystrophies_Limb-Girdle,GDS3474,20,20,-1,-50
Muscular_Dystrophies_Limb-Girdle,GDS3474,20,30,-1,-50
Muscular_Dystrophies_Limb-Girdle,GDS3474,20,40,-1,-50
Muscular_Dystrophies_Limb-Girdle,GDS3474,20,50,-1,-50
Muscular_Dystrophies_Limb-Girdle,GDS3474,20,60,-1,-50
Muscular_Dystrophies_Limb-Girdle,GDS3474,20,70,-1,-50
Muscular_Dystrophies_Limb-Girdle,GDS3474,20,80,-1,-25
Muscular_Dystrophies_Limb-Girdle,GDS3474,20,90,-1,-25
Muscular_Dystrophies_Limb-Girdle,GDS3475,20,10,0,0
Muscular_Dystrophies_Limb-Girdle,GDS3475,20,20,-1,-33.3333
Muscular_Dystrophies_Limb-Girdle,GDS3475,20,30,-1,-33.3333
Muscular_Dystrophies_Limb-Girdle,GDS3475,20,40,-1,-33.3333
Muscular_Dystrophies_Limb-Girdle,GDS3475,20,50,-1,-33.3333
Muscular_Dystrophies_Limb-Girdle,GDS3475,20,60,-1,-33.3333
Muscular_Dystrophies_Limb-Girdle,GDS3475,20,70,-1,-33.3333
Muscular_Dystrophies_Limb-Girdle,GDS3475,20,80,-1,-66.6667
Muscular_Dystrophies_Limb-Girdle,GDS3475,20,90,-1,-66.6667
Muscular_Dystrophies_Limb-Girdle,GDS3474,30,10,-1,-40
Muscular_Dystrophies_Limb-Girdle,GDS3474,30,20,-1,-80
Muscular_Dystrophies_Limb-Girdle,GDS3474,30,30,-1,-80
Muscular_Dystrophies_Limb-Girdle,GDS3474,30,40,-1,-80
Muscular_Dystrophies_Limb-Girdle,GDS3474,30,50,-1,-80
Muscular_Dystrophies_Limb-Girdle,GDS3474,30,60,-1,-80
Muscular_Dystrophies_Limb-Girdle,GDS3474,30,70,-1,-80
Muscular_Dystrophies_Limb-Girdle,GDS3474,30,80,-1,-80
Muscular_Dystrophies_Limb-Girdle,GDS3474,30,90,-1,-60
Muscular_Dystrophies_Limb-Girdle,GDS3475,30,10,-1,-50
Muscular_Dystrophies_Limb-Girdle,GDS3475,30,20,-1,-50
Muscular_Dystrophies_Limb-Girdle,GDS3475,30,30,-1,-50
Muscular_Dystrophies_Limb-Girdle,GDS3475,30,40,-1,-25
Muscular_Dystrophies_Limb-Girdle,GDS3475,30,50,-1,-50
Muscular_Dystrophies_Limb-Girdle,GDS3475,30,60,-1,-75
Muscular_Dystrophies_Limb-Girdle,GDS3475,30,70,-1,-75
Muscular_Dystrophies_Limb-Girdle,GDS3475,30,80,-1,-75
Muscular_Dystrophies_Limb-Girdle,GDS3475,30,90,-1,-75
Muscular_Dystrophies_Limb-Girdle,GDS3474,40,10,-1,-28.5714
Muscular_Dystrophies_Limb-Girdle,GDS3474,40,20,-1,-42.8571
Muscular_Dystrophies_Limb-Girdle,GDS3474,40,30,-1,-28.5714
Muscular_Dystrophies_Limb-Girdle,GDS3474,40,40,-1,-28.5714
Muscular_Dystrophies_Limb-Girdle,GDS3474,40,50,-1,-28.5714
Muscular_Dystrophies_Limb-Girdle,GDS3474,40,60,-1,-28.5714
Muscular_Dystrophies_Limb-Girdle,GDS3474,40,70,-1,-28.5714
Muscular_Dystrophies_Limb-Girdle,GDS3474,40,80,-1,-14.2857
Muscular_Dystrophies_Limb-Girdle,GDS3474,40,90,-1,-14.2857
Muscular_Dystrophies_Limb-Girdle,GDS3475,40,10,-1,-50
Muscular_Dystrophies_Limb-Girdle,GDS3475,40,20,-1,-50
Muscular_Dystrophies_Limb-Girdle,GDS3475,40,30,-1,-50
Muscular_Dystrophies_Limb-Girdle,GDS3475,40,40,-1,-25
Muscular_Dystrophies_Limb-Girdle,GDS3475,40,50,-1,-50
Muscular_Dystrophies_Limb-Girdle,GDS3475,40,60,-1,-75
Muscular_Dystrophies_Limb-Girdle,GDS3475,40,70,-1,-75
Muscular_Dystrophies_Limb-Girdle,GDS3475,40,80,-1,-75
Muscular_Dystrophies_Limb-Girdle,GDS3475,40,90,-1,-75
Muscular_Dystrophies_Limb-Girdle,GDS3474,50,10,-1,-11.1111
Muscular_Dystrophies_Limb-Girdle,GDS3474,50,20,-1,-22.2222
Muscular_Dystrophies_Limb-Girdle,GDS3474,50,30,-1,-11.1111
Muscular_Dystrophies_Limb-Girdle,GDS3474,50,40,-1,-22.2222
Muscular_Dystrophies_Limb-Girdle,GDS3474,50,50,-1,-22.2222
Muscular_Dystrophies_Limb-Girdle,GDS3474,50,60,-1,-11.1111
Muscular_Dystrophies_Limb-Girdle,GDS3474,50,70,-1,-11.1111
Muscular_Dystrophies_Limb-Girdle,GDS3474,50,80,-1,-11.1111
Muscular_Dystrophies_Limb-Girdle,GDS3474,50,90,-1,-11.1111
Muscular_Dystrophies_Limb-Girdle,GDS3475,50,10,0,0
Muscular_Dystrophies_Limb-Girdle,GDS3475,50,20,-1,-33.3334
Muscular_Dystrophies_Limb-Girdle,GDS3475,50,30,-1,-33.3334
Muscular_Dystrophies_Limb-Girdle,GDS3475,50,40,-1,-33.3334
Muscular_Dystrophies_Limb-Girdle,GDS3475,50,50,-1,-33.3334
Muscular_Dystrophies_Limb-Girdle,GDS3475,50,60,-1,-50
Muscular_Dystrophies_Limb-Girdle,GDS3475,50,70,-1,-50
Muscular_Dystrophies_Limb-Girdle,GDS3475,50,80,-1,-50
Muscular_Dystrophies_Limb-Girdle,GDS3475,50,90,-1,-50
Muscular_Dystrophies_Limb-Girdle,GDS3474,60,10,-1,-9.0909
Muscular_Dystrophies_Limb-Girdle,GDS3474,60,20,-1,-18.1818
Muscular_Dystrophies_Limb-Girdle,GDS3474,60,30,-1,-18.1818
Muscular_Dystrophies_Limb-Girdle,GDS3474,60,40,-1,-18.1818
Muscular_Dystrophies_Limb-Girdle,GDS3474,60,50,-1,-36.3636
Muscular_Dystrophies_Limb-Girdle,GDS3474,60,60,-1,-18.1818
Muscular_Dystrophies_Limb-Girdle,GDS3474,60,70,-1,-36.3636
Muscular_Dystrophies_Limb-Girdle,GDS3474,60,80,-1,-9.0909
Muscular_Dystrophies_Limb-Girdle,GDS3474,60,90,-1,-18.1818
Muscular_Dystrophies_Limb-Girdle,GDS3475,60,10,-1,-25
Muscular_Dystrophies_Limb-Girdle,GDS3475,60,20,-1,-37.5
Muscular_Dystrophies_Limb-Girdle,GDS3475,60,30,-1,-37.5
Muscular_Dystrophies_Limb-Girdle,GDS3475,60,40,-1,-37.5
Muscular_Dystrophies_Limb-Girdle,GDS3475,60,50,-1,-37.5
Muscular_Dystrophies_Limb-Girdle,GDS3475,60,60,-1,-37.5
Muscular_Dystrophies_Limb-Girdle,GDS3475,60,70,-1,-37.5
Muscular_Dystrophies_Limb-Girdle,GDS3475,60,80,-1,-37.5
Muscular_Dystrophies_Limb-Girdle,GDS3475,60,90,-1,-37.5
Muscular_Dystrophies_Limb-Girdle,GDS3474,70,10,-1,-9.0909
Muscular_Dystrophies_Limb-Girdle,GDS3474,70,20,-1,-18.1818
Muscular_Dystrophies_Limb-Girdle,GDS3474,70,30,-1,-18.1818
Muscular_Dystrophies_Limb-Girdle,GDS3474,70,40,-1,-18.1818
Muscular_Dystrophies_Limb-Girdle,GDS3474,70,50,-1,-36.3636
Muscular_Dystrophies_Limb-Girdle,GDS3474,70,60,-1,-18.1818
Muscular_Dystrophies_Limb-Girdle,GDS3474,70,70,-1,-36.3636
Muscular_Dystrophies_Limb-Girdle,GDS3474,70,80,-1,-9.0909
Muscular_Dystrophies_Limb-Girdle,GDS3474,70,90,-1,-18.1818
Muscular_Dystrophies_Limb-Girdle,GDS3475,70,10,-1,-25
Muscular_Dystrophies_Limb-Girdle,GDS3475,70,20,-1,-37.5
Muscular_Dystrophies_Limb-Girdle,GDS3475,70,30,-1,-37.5
Muscular_Dystrophies_Limb-Girdle,GDS3475,70,40,-1,-37.5
Muscular_Dystrophies_Limb-Girdle,GDS3475,70,50,-1,-37.5
Muscular_Dystrophies_Limb-Girdle,GDS3475,70,60,-1,-37.5
Muscular_Dystrophies_Limb-Girdle,GDS3475,70,70,-1,-37.5
Muscular_Dystrophies_Limb-Girdle,GDS3475,70,80,-1,-37.5
Muscular_Dystrophies_Limb-Girdle,GDS3475,70,90,-1,-37.5
Muscular_Dystrophies_Limb-Girdle,GDS3474,80,10,-1,-9.0909
Muscular_Dystrophies_Limb-Girdle,GDS3474,80,20,-1,-18.1818
Muscular_Dystrophies_Limb-Girdle,GDS3474,80,30,-1,-18.1818
Muscular_Dystrophies_Limb-Girdle,GDS3474,80,40,-1,-18.1818
Muscular_Dystrophies_Limb-Girdle,GDS3474,80,50,-1,-36.3636
Muscular_Dystrophies_Limb-Girdle,GDS3474,80,60,-1,-18.1818
Muscular_Dystrophies_Limb-Girdle,GDS3474,80,70,-1,-36.3636
Muscular_Dystrophies_Limb-Girdle,GDS3474,80,80,-1,-9.0909
Muscular_Dystrophies_Limb-Girdle,GDS3474,80,90,-1,-18.1818
Muscular_Dystrophies_Limb-Girdle,GDS3475,80,10,-1,-22.2222
Muscular_Dystrophies_Limb-Girdle,GDS3475,80,20,-1,-33.3333
Muscular_Dystrophies_Limb-Girdle,GDS3475,80,30,0,0
Muscular_Dystrophies_Limb-Girdle,GDS3475,80,40,-1,-11.1111
Muscular_Dystrophies_Limb-Girdle,GDS3475,80,50,-1,-22.2222
Muscular_Dystrophies_Limb-Girdle,GDS3475,80,60,-1,-11.1111
Muscular_Dystrophies_Limb-Girdle,GDS3475,80,70,-1,-11.1111
Muscular_Dystrophies_Limb-Girdle,GDS3475,80,80,0,0
Muscular_Dystrophies_Limb-Girdle,GDS3475,80,90,-1,-11.1111
Muscular_Dystrophies_Limb-Girdle,GDS3474,90,10,-1,-8.3333
Muscular_Dystrophies_Limb-Girdle,GDS3474,90,20,-1,-8.3333
Muscular_Dystrophies_Limb-Girdle,GDS3474,90,30,-1,-8.3333
Muscular_Dystrophies_Limb-Girdle,GDS3474,90,40,-1,-16.6667
Muscular_Dystrophies_Limb-Girdle,GDS3474,90,50,0,0
Muscular_Dystrophies_Limb-Girdle,GDS3474,90,60,-1,-16.6666
Muscular_Dystrophies_Limb-Girdle,GDS3474,90,70,-1,-16.6666
Muscular_Dystrophies_Limb-Girdle,GDS3474,90,80,1,8.3334
Muscular_Dystrophies_Limb-Girdle,GDS3474,90,90,0,0
Muscular_Dystrophies_Limb-Girdle,GDS3475,90,10,-1,-30
Muscular_Dystrophies_Limb-Girdle,GDS3475,90,20,-1,-30
Muscular_Dystrophies_Limb-Girdle,GDS3475,90,30,-1,-30
Muscular_Dystrophies_Limb-Girdle,GDS3475,90,40,-1,-30
Muscular_Dystrophies_Limb-Girdle,GDS3475,90,50,-1,-20
Muscular_Dystrophies_Limb-Girdle,GDS3475,90,60,-1,-40
Muscular_Dystrophies_Limb-Girdle,GDS3475,90,70,-1,-30
Muscular_Dystrophies_Limb-Girdle,GDS3475,90,80,-1,-40
Muscular_Dystrophies_Limb-Girdle,GDS3475,90,90,-1,-40
