disease,integration type,experiment,threshold,features,accuracy,test instances,train instances,total_instances
Acne_Vulgaris,multi,GDS2478,10,10,100,35,1,36
Acne_Vulgaris,multi,GDS2478,10,20,0,35,1,36
Acne_Vulgaris,multi,GDS2478,10,30,0,35,1,36
Acne_Vulgaris,multi,GDS2478,10,40,0,35,1,36
Acne_Vulgaris,multi,GDS2478,10,50,0,35,1,36
Acne_Vulgaris,multi,GDS3215,10,10,0,36,0,36
Acne_Vulgaris,multi,GDS3215,10,20,0,36,0,36
Acne_Vulgaris,multi,GDS3215,10,30,0,36,0,36
Acne_Vulgaris,multi,GDS3215,10,40,0,36,0,36
Acne_Vulgaris,multi,GDS3215,10,50,0,36,0,36
Acne_Vulgaris,multi,GDS3218,10,10,0,35,1,36
Acne_Vulgaris,multi,GDS3218,10,20,100,35,1,36
Acne_Vulgaris,multi,GDS3218,10,30,100,35,1,36
Acne_Vulgaris,multi,GDS3218,10,40,100,35,1,36
Acne_Vulgaris,multi,GDS3218,10,50,100,35,1,36
Acne_Vulgaris,multi,GDS2478,20,10,50,34,2,36
Acne_Vulgaris,multi,GDS2478,20,20,50,34,2,36
Acne_Vulgaris,multi,GDS2478,20,30,50,34,2,36
Acne_Vulgaris,multi,GDS2478,20,40,50,34,2,36
Acne_Vulgaris,multi,GDS2478,20,50,50,34,2,36
Acne_Vulgaris,multi,GDS3215,20,10,0,35,1,36
Acne_Vulgaris,multi,GDS3215,20,20,0,35,1,36
Acne_Vulgaris,multi,GDS3215,20,30,0,35,1,36
Acne_Vulgaris,multi,GDS3215,20,40,0,35,1,36
Acne_Vulgaris,multi,GDS3215,20,50,0,35,1,36
Acne_Vulgaris,multi,GDS3218,20,10,0,34,2,36
Acne_Vulgaris,multi,GDS3218,20,20,100,34,2,36
Acne_Vulgaris,multi,GDS3218,20,30,100,34,2,36
Acne_Vulgaris,multi,GDS3218,20,40,100,34,2,36
Acne_Vulgaris,multi,GDS3218,20,50,100,34,2,36
Acne_Vulgaris,multi,GDS2478,30,10,50,32,4,36
Acne_Vulgaris,multi,GDS2478,30,20,50,32,4,36
Acne_Vulgaris,multi,GDS2478,30,30,50,32,4,36
Acne_Vulgaris,multi,GDS2478,30,40,50,32,4,36
Acne_Vulgaris,multi,GDS2478,30,50,50,32,4,36
Acne_Vulgaris,multi,GDS3215,30,10,0,35,1,36
Acne_Vulgaris,multi,GDS3215,30,20,0,35,1,36
Acne_Vulgaris,multi,GDS3215,30,30,0,35,1,36
Acne_Vulgaris,multi,GDS3215,30,40,0,35,1,36
Acne_Vulgaris,multi,GDS3215,30,50,0,35,1,36
Acne_Vulgaris,multi,GDS3218,30,10,0,33,3,36
Acne_Vulgaris,multi,GDS3218,30,20,0,33,3,36
Acne_Vulgaris,multi,GDS3218,30,30,0,33,3,36
Acne_Vulgaris,multi,GDS3218,30,40,100,33,3,36
Acne_Vulgaris,multi,GDS3218,30,50,100,33,3,36
Acne_Vulgaris,multi,GDS2478,40,10,60,31,5,36
Acne_Vulgaris,multi,GDS2478,40,20,60,31,5,36
Acne_Vulgaris,multi,GDS2478,40,30,60,31,5,36
Acne_Vulgaris,multi,GDS2478,40,40,60,31,5,36
Acne_Vulgaris,multi,GDS2478,40,50,60,31,5,36
Acne_Vulgaris,multi,GDS3215,40,10,0,34,2,36
Acne_Vulgaris,multi,GDS3215,40,20,0,34,2,36
Acne_Vulgaris,multi,GDS3215,40,30,0,34,2,36
Acne_Vulgaris,multi,GDS3215,40,40,0,34,2,36
Acne_Vulgaris,multi,GDS3215,40,50,0,34,2,36
Acne_Vulgaris,multi,GDS3218,40,10,25,32,4,36
Acne_Vulgaris,multi,GDS3218,40,20,75,32,4,36
Acne_Vulgaris,multi,GDS3218,40,30,75,32,4,36
Acne_Vulgaris,multi,GDS3218,40,40,75,32,4,36
Acne_Vulgaris,multi,GDS3218,40,50,75,32,4,36
Acne_Vulgaris,multi,GDS2478,50,10,66.6667,30,6,36
Acne_Vulgaris,multi,GDS2478,50,20,66.6667,30,6,36
Acne_Vulgaris,multi,GDS2478,50,30,66.6667,30,6,36
Acne_Vulgaris,multi,GDS2478,50,40,66.6667,30,6,36
Acne_Vulgaris,multi,GDS2478,50,50,66.6667,30,6,36
Acne_Vulgaris,multi,GDS3215,50,10,33.3333,33,3,36
Acne_Vulgaris,multi,GDS3215,50,20,33.3333,33,3,36
Acne_Vulgaris,multi,GDS3215,50,30,33.3333,33,3,36
Acne_Vulgaris,multi,GDS3215,50,40,33.3333,33,3,36
Acne_Vulgaris,multi,GDS3215,50,50,33.3333,33,3,36
Acne_Vulgaris,multi,GDS3218,50,10,50,30,6,36
Acne_Vulgaris,multi,GDS3218,50,20,50,30,6,36
Acne_Vulgaris,multi,GDS3218,50,30,50,30,6,36
Acne_Vulgaris,multi,GDS3218,50,40,50,30,6,36
Acne_Vulgaris,multi,GDS3218,50,50,50,30,6,36
Acne_Vulgaris,multi,GDS2478,60,10,66.6667,30,6,36
Acne_Vulgaris,multi,GDS2478,60,20,66.6667,30,6,36
Acne_Vulgaris,multi,GDS2478,60,30,66.6667,30,6,36
Acne_Vulgaris,multi,GDS2478,60,40,66.6667,30,6,36
Acne_Vulgaris,multi,GDS2478,60,50,66.6667,30,6,36
Acne_Vulgaris,multi,GDS3215,60,10,33.3333,33,3,36
Acne_Vulgaris,multi,GDS3215,60,20,33.3333,33,3,36
Acne_Vulgaris,multi,GDS3215,60,30,33.3333,33,3,36
Acne_Vulgaris,multi,GDS3215,60,40,33.3333,33,3,36
Acne_Vulgaris,multi,GDS3215,60,50,33.3333,33,3,36
Acne_Vulgaris,multi,GDS3218,60,10,42.8571,29,7,36
Acne_Vulgaris,multi,GDS3218,60,20,42.8571,29,7,36
Acne_Vulgaris,multi,GDS3218,60,30,42.8571,29,7,36
Acne_Vulgaris,multi,GDS3218,60,40,42.8571,29,7,36
Acne_Vulgaris,multi,GDS3218,60,50,42.8571,29,7,36
Acne_Vulgaris,multi,GDS2478,70,10,62.5,28,8,36
Acne_Vulgaris,multi,GDS2478,70,20,62.5,28,8,36
Acne_Vulgaris,multi,GDS2478,70,30,62.5,28,8,36
Acne_Vulgaris,multi,GDS2478,70,40,62.5,28,8,36
Acne_Vulgaris,multi,GDS2478,70,50,62.5,28,8,36
Acne_Vulgaris,multi,GDS3215,70,10,25,32,4,36
Acne_Vulgaris,multi,GDS3215,70,20,25,32,4,36
Acne_Vulgaris,multi,GDS3215,70,30,25,32,4,36
Acne_Vulgaris,multi,GDS3215,70,40,25,32,4,36
Acne_Vulgaris,multi,GDS3215,70,50,25,32,4,36
Acne_Vulgaris,multi,GDS3218,70,10,50,28,8,36
Acne_Vulgaris,multi,GDS3218,70,20,50,28,8,36
Acne_Vulgaris,multi,GDS3218,70,30,50,28,8,36
Acne_Vulgaris,multi,GDS3218,70,40,50,28,8,36
Acne_Vulgaris,multi,GDS3218,70,50,50,28,8,36
Acne_Vulgaris,multi,GDS2478,80,10,70,26,10,36
Acne_Vulgaris,multi,GDS2478,80,20,70,26,10,36
Acne_Vulgaris,multi,GDS2478,80,30,70,26,10,36
Acne_Vulgaris,multi,GDS2478,80,40,80,26,10,36
Acne_Vulgaris,multi,GDS2478,80,50,80,26,10,36
Acne_Vulgaris,multi,GDS3215,80,10,25,32,4,36
Acne_Vulgaris,multi,GDS3215,80,20,25,32,4,36
Acne_Vulgaris,multi,GDS3215,80,30,25,32,4,36
Acne_Vulgaris,multi,GDS3215,80,40,25,32,4,36
Acne_Vulgaris,multi,GDS3215,80,50,25,32,4,36
Acne_Vulgaris,multi,GDS3218,80,10,50,28,8,36
Acne_Vulgaris,multi,GDS3218,80,20,50,28,8,36
Acne_Vulgaris,multi,GDS3218,80,30,50,28,8,36
Acne_Vulgaris,multi,GDS3218,80,40,50,28,8,36
Acne_Vulgaris,multi,GDS3218,80,50,50,28,8,36
Acne_Vulgaris,multi,GDS2478,90,10,63.6364,25,11,36
Acne_Vulgaris,multi,GDS2478,90,20,63.6364,25,11,36
Acne_Vulgaris,multi,GDS2478,90,30,63.6364,25,11,36
Acne_Vulgaris,multi,GDS2478,90,40,63.6364,25,11,36
Acne_Vulgaris,multi,GDS2478,90,50,63.6364,25,11,36
Acne_Vulgaris,multi,GDS3215,90,10,25,32,4,36
Acne_Vulgaris,multi,GDS3215,90,20,25,32,4,36
Acne_Vulgaris,multi,GDS3215,90,30,25,32,4,36
Acne_Vulgaris,multi,GDS3215,90,40,25,32,4,36
Acne_Vulgaris,multi,GDS3215,90,50,25,32,4,36
Acne_Vulgaris,multi,GDS3218,90,10,50,28,8,36
Acne_Vulgaris,multi,GDS3218,90,20,50,28,8,36
Acne_Vulgaris,multi,GDS3218,90,30,50,28,8,36
Acne_Vulgaris,multi,GDS3218,90,40,50,28,8,36
Acne_Vulgaris,multi,GDS3218,90,50,50,28,8,36
Adenoma,multi,GDS2432,10,10,100,30,1,31
Adenoma,multi,GDS2432,10,20,100,30,1,31
Adenoma,multi,GDS2432,10,30,100,30,1,31
Adenoma,multi,GDS2432,10,40,100,30,1,31
Adenoma,multi,GDS2432,10,50,100,30,1,31
Adenoma,multi,GDS2432,10,60,100,30,1,31
Adenoma,multi,GDS2432,10,70,100,30,1,31
Adenoma,multi,GDS2432,10,80,100,30,1,31
Adenoma,multi,GDS2432,10,90,100,30,1,31
Adenoma,multi,GDS2860,10,10,100,30,1,31
Adenoma,multi,GDS2860,10,20,100,30,1,31
Adenoma,multi,GDS2860,10,30,100,30,1,31
Adenoma,multi,GDS2860,10,40,100,30,1,31
Adenoma,multi,GDS2860,10,50,100,30,1,31
Adenoma,multi,GDS2860,10,60,100,30,1,31
Adenoma,multi,GDS2860,10,70,100,30,1,31
Adenoma,multi,GDS2860,10,80,100,30,1,31
Adenoma,multi,GDS2860,10,90,100,30,1,31
Adenoma,multi,GDS2432,20,10,100,28,3,31
Adenoma,multi,GDS2432,20,20,100,28,3,31
Adenoma,multi,GDS2432,20,30,100,28,3,31
Adenoma,multi,GDS2432,20,40,100,28,3,31
Adenoma,multi,GDS2432,20,50,100,28,3,31
Adenoma,multi,GDS2432,20,60,100,28,3,31
Adenoma,multi,GDS2432,20,70,100,28,3,31
Adenoma,multi,GDS2432,20,80,100,28,3,31
Adenoma,multi,GDS2432,20,90,100,28,3,31
Adenoma,multi,GDS2860,20,10,100,28,3,31
Adenoma,multi,GDS2860,20,20,66.6667,28,3,31
Adenoma,multi,GDS2860,20,30,100,28,3,31
Adenoma,multi,GDS2860,20,40,100,28,3,31
Adenoma,multi,GDS2860,20,50,100,28,3,31
Adenoma,multi,GDS2860,20,60,100,28,3,31
Adenoma,multi,GDS2860,20,70,100,28,3,31
Adenoma,multi,GDS2860,20,80,100,28,3,31
Adenoma,multi,GDS2860,20,90,100,28,3,31
Adenoma,multi,GDS2432,30,10,100,27,4,31
Adenoma,multi,GDS2432,30,20,100,27,4,31
Adenoma,multi,GDS2432,30,30,75,27,4,31
Adenoma,multi,GDS2432,30,40,75,27,4,31
Adenoma,multi,GDS2432,30,50,75,27,4,31
Adenoma,multi,GDS2432,30,60,75,27,4,31
Adenoma,multi,GDS2432,30,70,75,27,4,31
Adenoma,multi,GDS2432,30,80,75,27,4,31
Adenoma,multi,GDS2432,30,90,75,27,4,31
Adenoma,multi,GDS2860,30,10,75,27,4,31
Adenoma,multi,GDS2860,30,20,100,27,4,31
Adenoma,multi,GDS2860,30,30,100,27,4,31
Adenoma,multi,GDS2860,30,40,100,27,4,31
Adenoma,multi,GDS2860,30,50,100,27,4,31
Adenoma,multi,GDS2860,30,60,100,27,4,31
Adenoma,multi,GDS2860,30,70,100,27,4,31
Adenoma,multi,GDS2860,30,80,100,27,4,31
Adenoma,multi,GDS2860,30,90,100,27,4,31
Adenoma,multi,GDS2432,40,10,40,26,5,31
Adenoma,multi,GDS2432,40,20,80,26,5,31
Adenoma,multi,GDS2432,40,30,80,26,5,31
Adenoma,multi,GDS2432,40,40,80,26,5,31
Adenoma,multi,GDS2432,40,50,60,26,5,31
Adenoma,multi,GDS2432,40,60,60,26,5,31
Adenoma,multi,GDS2432,40,70,80,26,5,31
Adenoma,multi,GDS2432,40,80,80,26,5,31
Adenoma,multi,GDS2432,40,90,80,26,5,31
Adenoma,multi,GDS2860,40,10,80,26,5,31
Adenoma,multi,GDS2860,40,20,100,26,5,31
Adenoma,multi,GDS2860,40,30,80,26,5,31
Adenoma,multi,GDS2860,40,40,100,26,5,31
Adenoma,multi,GDS2860,40,50,100,26,5,31
Adenoma,multi,GDS2860,40,60,100,26,5,31
Adenoma,multi,GDS2860,40,70,100,26,5,31
Adenoma,multi,GDS2860,40,80,100,26,5,31
Adenoma,multi,GDS2860,40,90,100,26,5,31
Adenoma,multi,GDS2432,50,10,100,25,6,31
Adenoma,multi,GDS2432,50,20,83.3333,25,6,31
Adenoma,multi,GDS2432,50,30,83.3333,25,6,31
Adenoma,multi,GDS2432,50,40,66.6667,25,6,31
Adenoma,multi,GDS2432,50,50,66.6667,25,6,31
Adenoma,multi,GDS2432,50,60,66.6667,25,6,31
Adenoma,multi,GDS2432,50,70,66.6667,25,6,31
Adenoma,multi,GDS2432,50,80,66.6667,25,6,31
Adenoma,multi,GDS2432,50,90,66.6667,25,6,31
Adenoma,multi,GDS2860,50,10,83.3333,25,6,31
Adenoma,multi,GDS2860,50,20,83.3333,25,6,31
Adenoma,multi,GDS2860,50,30,83.3333,25,6,31
Adenoma,multi,GDS2860,50,40,100,25,6,31
Adenoma,multi,GDS2860,50,50,83.3333,25,6,31
Adenoma,multi,GDS2860,50,60,100,25,6,31
Adenoma,multi,GDS2860,50,70,100,25,6,31
Adenoma,multi,GDS2860,50,80,100,25,6,31
Adenoma,multi,GDS2860,50,90,100,25,6,31
Adenoma,multi,GDS2432,60,10,71.4286,24,7,31
Adenoma,multi,GDS2432,60,20,57.1429,24,7,31
Adenoma,multi,GDS2432,60,30,57.1429,24,7,31
Adenoma,multi,GDS2432,60,40,57.1429,24,7,31
Adenoma,multi,GDS2432,60,50,57.1429,24,7,31
Adenoma,multi,GDS2432,60,60,57.1429,24,7,31
Adenoma,multi,GDS2432,60,70,57.1429,24,7,31
Adenoma,multi,GDS2432,60,80,57.1429,24,7,31
Adenoma,multi,GDS2432,60,90,71.4286,24,7,31
Adenoma,multi,GDS2860,60,10,71.4286,24,7,31
Adenoma,multi,GDS2860,60,20,100,24,7,31
Adenoma,multi,GDS2860,60,30,100,24,7,31
Adenoma,multi,GDS2860,60,40,85.7143,24,7,31
Adenoma,multi,GDS2860,60,50,100,24,7,31
Adenoma,multi,GDS2860,60,60,100,24,7,31
Adenoma,multi,GDS2860,60,70,100,24,7,31
Adenoma,multi,GDS2860,60,80,100,24,7,31
Adenoma,multi,GDS2860,60,90,100,24,7,31
Adenoma,multi,GDS2432,70,10,77.7778,22,9,31
Adenoma,multi,GDS2432,70,20,66.6667,22,9,31
Adenoma,multi,GDS2432,70,30,66.6667,22,9,31
Adenoma,multi,GDS2432,70,40,66.6667,22,9,31
Adenoma,multi,GDS2432,70,50,66.6667,22,9,31
Adenoma,multi,GDS2432,70,60,66.6667,22,9,31
Adenoma,multi,GDS2432,70,70,66.6667,22,9,31
Adenoma,multi,GDS2432,70,80,66.6667,22,9,31
Adenoma,multi,GDS2432,70,90,66.6667,22,9,31
Adenoma,multi,GDS2860,70,10,87.5,23,8,31
Adenoma,multi,GDS2860,70,20,87.5,23,8,31
Adenoma,multi,GDS2860,70,30,100,23,8,31
Adenoma,multi,GDS2860,70,40,87.5,23,8,31
Adenoma,multi,GDS2860,70,50,100,23,8,31
Adenoma,multi,GDS2860,70,60,100,23,8,31
Adenoma,multi,GDS2860,70,70,100,23,8,31
Adenoma,multi,GDS2860,70,80,100,23,8,31
Adenoma,multi,GDS2860,70,90,100,23,8,31
Adenoma,multi,GDS2432,80,10,77.7778,22,9,31
Adenoma,multi,GDS2432,80,20,66.6667,22,9,31
Adenoma,multi,GDS2432,80,30,66.6667,22,9,31
Adenoma,multi,GDS2432,80,40,66.6667,22,9,31
Adenoma,multi,GDS2432,80,50,66.6667,22,9,31
Adenoma,multi,GDS2432,80,60,66.6667,22,9,31
Adenoma,multi,GDS2432,80,70,66.6667,22,9,31
Adenoma,multi,GDS2432,80,80,66.6667,22,9,31
Adenoma,multi,GDS2432,80,90,66.6667,22,9,31
Adenoma,multi,GDS2860,80,10,70,21,10,31
Adenoma,multi,GDS2860,80,20,80,21,10,31
Adenoma,multi,GDS2860,80,30,70,21,10,31
Adenoma,multi,GDS2860,80,40,70,21,10,31
Adenoma,multi,GDS2860,80,50,80,21,10,31
Adenoma,multi,GDS2860,80,60,80,21,10,31
Adenoma,multi,GDS2860,80,70,80,21,10,31
Adenoma,multi,GDS2860,80,80,80,21,10,31
Adenoma,multi,GDS2860,80,90,80,21,10,31
Adenoma,multi,GDS2432,90,10,40,21,10,31
Adenoma,multi,GDS2432,90,20,30,21,10,31
Adenoma,multi,GDS2432,90,30,30,21,10,31
Adenoma,multi,GDS2432,90,40,50,21,10,31
Adenoma,multi,GDS2432,90,50,30,21,10,31
Adenoma,multi,GDS2432,90,60,50,21,10,31
Adenoma,multi,GDS2432,90,70,40,21,10,31
Adenoma,multi,GDS2432,90,80,40,21,10,31
Adenoma,multi,GDS2432,90,90,40,21,10,31
Adenoma,multi,GDS2860,90,10,70,21,10,31
Adenoma,multi,GDS2860,90,20,80,21,10,31
Adenoma,multi,GDS2860,90,30,70,21,10,31
Adenoma,multi,GDS2860,90,40,70,21,10,31
Adenoma,multi,GDS2860,90,50,80,21,10,31
Adenoma,multi,GDS2860,90,60,80,21,10,31
Adenoma,multi,GDS2860,90,70,80,21,10,31
Adenoma,multi,GDS2860,90,80,80,21,10,31
Adenoma,multi,GDS2860,90,90,80,21,10,31
Carcinoma_Renal_Cell,multi,GDS505,10,10,100,33,1,34
Carcinoma_Renal_Cell,multi,GDS505,10,20,100,33,1,34
Carcinoma_Renal_Cell,multi,GDS505,10,30,100,33,1,34
Carcinoma_Renal_Cell,multi,GDS505,10,40,100,33,1,34
Carcinoma_Renal_Cell,multi,GDS505,10,50,100,33,1,34
Carcinoma_Renal_Cell,multi,GDS505,10,60,100,33,1,34
Carcinoma_Renal_Cell,multi,GDS505,10,70,100,33,1,34
Carcinoma_Renal_Cell,multi,GDS505,10,80,100,33,1,34
Carcinoma_Renal_Cell,multi,GDS505,10,90,100,33,1,34
Carcinoma_Renal_Cell,multi,GDS507,10,10,100,33,1,34
Carcinoma_Renal_Cell,multi,GDS507,10,20,100,33,1,34
Carcinoma_Renal_Cell,multi,GDS507,10,30,100,33,1,34
Carcinoma_Renal_Cell,multi,GDS507,10,40,100,33,1,34
Carcinoma_Renal_Cell,multi,GDS507,10,50,100,33,1,34
Carcinoma_Renal_Cell,multi,GDS507,10,60,100,33,1,34
Carcinoma_Renal_Cell,multi,GDS507,10,70,100,33,1,34
Carcinoma_Renal_Cell,multi,GDS507,10,80,100,33,1,34
Carcinoma_Renal_Cell,multi,GDS507,10,90,100,33,1,34
Carcinoma_Renal_Cell,multi,GDS505,20,10,100,32,2,34
Carcinoma_Renal_Cell,multi,GDS505,20,20,100,32,2,34
Carcinoma_Renal_Cell,multi,GDS505,20,30,100,32,2,34
Carcinoma_Renal_Cell,multi,GDS505,20,40,100,32,2,34
Carcinoma_Renal_Cell,multi,GDS505,20,50,100,32,2,34
Carcinoma_Renal_Cell,multi,GDS505,20,60,100,32,2,34
Carcinoma_Renal_Cell,multi,GDS505,20,70,100,32,2,34
Carcinoma_Renal_Cell,multi,GDS505,20,80,100,32,2,34
Carcinoma_Renal_Cell,multi,GDS505,20,90,100,32,2,34
Carcinoma_Renal_Cell,multi,GDS507,20,10,100,31,3,34
Carcinoma_Renal_Cell,multi,GDS507,20,20,100,31,3,34
Carcinoma_Renal_Cell,multi,GDS507,20,30,100,31,3,34
Carcinoma_Renal_Cell,multi,GDS507,20,40,100,31,3,34
Carcinoma_Renal_Cell,multi,GDS507,20,50,100,31,3,34
Carcinoma_Renal_Cell,multi,GDS507,20,60,100,31,3,34
Carcinoma_Renal_Cell,multi,GDS507,20,70,100,31,3,34
Carcinoma_Renal_Cell,multi,GDS507,20,80,100,31,3,34
Carcinoma_Renal_Cell,multi,GDS507,20,90,100,31,3,34
Carcinoma_Renal_Cell,multi,GDS505,30,10,100,31,3,34
Carcinoma_Renal_Cell,multi,GDS505,30,20,100,31,3,34
Carcinoma_Renal_Cell,multi,GDS505,30,30,100,31,3,34
Carcinoma_Renal_Cell,multi,GDS505,30,40,100,31,3,34
Carcinoma_Renal_Cell,multi,GDS505,30,50,100,31,3,34
Carcinoma_Renal_Cell,multi,GDS505,30,60,100,31,3,34
Carcinoma_Renal_Cell,multi,GDS505,30,70,100,31,3,34
Carcinoma_Renal_Cell,multi,GDS505,30,80,100,31,3,34
Carcinoma_Renal_Cell,multi,GDS505,30,90,100,31,3,34
Carcinoma_Renal_Cell,multi,GDS507,30,10,100,31,3,34
Carcinoma_Renal_Cell,multi,GDS507,30,20,100,31,3,34
Carcinoma_Renal_Cell,multi,GDS507,30,30,100,31,3,34
Carcinoma_Renal_Cell,multi,GDS507,30,40,100,31,3,34
Carcinoma_Renal_Cell,multi,GDS507,30,50,100,31,3,34
Carcinoma_Renal_Cell,multi,GDS507,30,60,100,31,3,34
Carcinoma_Renal_Cell,multi,GDS507,30,70,100,31,3,34
Carcinoma_Renal_Cell,multi,GDS507,30,80,100,31,3,34
Carcinoma_Renal_Cell,multi,GDS507,30,90,100,31,3,34
Carcinoma_Renal_Cell,multi,GDS505,40,10,100,30,4,34
Carcinoma_Renal_Cell,multi,GDS505,40,20,100,30,4,34
Carcinoma_Renal_Cell,multi,GDS505,40,30,100,30,4,34
Carcinoma_Renal_Cell,multi,GDS505,40,40,100,30,4,34
Carcinoma_Renal_Cell,multi,GDS505,40,50,100,30,4,34
Carcinoma_Renal_Cell,multi,GDS505,40,60,100,30,4,34
Carcinoma_Renal_Cell,multi,GDS505,40,70,100,30,4,34
Carcinoma_Renal_Cell,multi,GDS505,40,80,100,30,4,34
Carcinoma_Renal_Cell,multi,GDS505,40,90,100,30,4,34
Carcinoma_Renal_Cell,multi,GDS507,40,10,100,30,4,34
Carcinoma_Renal_Cell,multi,GDS507,40,20,100,30,4,34
Carcinoma_Renal_Cell,multi,GDS507,40,30,100,30,4,34
Carcinoma_Renal_Cell,multi,GDS507,40,40,100,30,4,34
Carcinoma_Renal_Cell,multi,GDS507,40,50,100,30,4,34
Carcinoma_Renal_Cell,multi,GDS507,40,60,100,30,4,34
Carcinoma_Renal_Cell,multi,GDS507,40,70,100,30,4,34
Carcinoma_Renal_Cell,multi,GDS507,40,80,100,30,4,34
Carcinoma_Renal_Cell,multi,GDS507,40,90,100,30,4,34
Carcinoma_Renal_Cell,multi,GDS505,50,10,100,29,5,34
Carcinoma_Renal_Cell,multi,GDS505,50,20,100,29,5,34
Carcinoma_Renal_Cell,multi,GDS505,50,30,100,29,5,34
Carcinoma_Renal_Cell,multi,GDS505,50,40,100,29,5,34
Carcinoma_Renal_Cell,multi,GDS505,50,50,100,29,5,34
Carcinoma_Renal_Cell,multi,GDS505,50,60,100,29,5,34
Carcinoma_Renal_Cell,multi,GDS505,50,70,100,29,5,34
Carcinoma_Renal_Cell,multi,GDS505,50,80,100,29,5,34
Carcinoma_Renal_Cell,multi,GDS505,50,90,100,29,5,34
Carcinoma_Renal_Cell,multi,GDS507,50,10,100,29,5,34
Carcinoma_Renal_Cell,multi,GDS507,50,20,100,29,5,34
Carcinoma_Renal_Cell,multi,GDS507,50,30,100,29,5,34
Carcinoma_Renal_Cell,multi,GDS507,50,40,100,29,5,34
Carcinoma_Renal_Cell,multi,GDS507,50,50,80,29,5,34
Carcinoma_Renal_Cell,multi,GDS507,50,60,80,29,5,34
Carcinoma_Renal_Cell,multi,GDS507,50,70,80,29,5,34
Carcinoma_Renal_Cell,multi,GDS507,50,80,80,29,5,34
Carcinoma_Renal_Cell,multi,GDS507,50,90,80,29,5,34
Carcinoma_Renal_Cell,multi,GDS505,60,10,100,28,6,34
Carcinoma_Renal_Cell,multi,GDS505,60,20,100,28,6,34
Carcinoma_Renal_Cell,multi,GDS505,60,30,100,28,6,34
Carcinoma_Renal_Cell,multi,GDS505,60,40,100,28,6,34
Carcinoma_Renal_Cell,multi,GDS505,60,50,100,28,6,34
Carcinoma_Renal_Cell,multi,GDS505,60,60,100,28,6,34
Carcinoma_Renal_Cell,multi,GDS505,60,70,100,28,6,34
Carcinoma_Renal_Cell,multi,GDS505,60,80,100,28,6,34
Carcinoma_Renal_Cell,multi,GDS505,60,90,100,28,6,34
Carcinoma_Renal_Cell,multi,GDS507,60,10,100,27,7,34
Carcinoma_Renal_Cell,multi,GDS507,60,20,100,27,7,34
Carcinoma_Renal_Cell,multi,GDS507,60,30,100,27,7,34
Carcinoma_Renal_Cell,multi,GDS507,60,40,100,27,7,34
Carcinoma_Renal_Cell,multi,GDS507,60,50,100,27,7,34
Carcinoma_Renal_Cell,multi,GDS507,60,60,85.7143,27,7,34
Carcinoma_Renal_Cell,multi,GDS507,60,70,100,27,7,34
Carcinoma_Renal_Cell,multi,GDS507,60,80,100,27,7,34
Carcinoma_Renal_Cell,multi,GDS507,60,90,85.7143,27,7,34
Carcinoma_Renal_Cell,multi,GDS505,70,10,100,27,7,34
Carcinoma_Renal_Cell,multi,GDS505,70,20,100,27,7,34
Carcinoma_Renal_Cell,multi,GDS505,70,30,100,27,7,34
Carcinoma_Renal_Cell,multi,GDS505,70,40,100,27,7,34
Carcinoma_Renal_Cell,multi,GDS505,70,50,100,27,7,34
Carcinoma_Renal_Cell,multi,GDS505,70,60,100,27,7,34
Carcinoma_Renal_Cell,multi,GDS505,70,70,100,27,7,34
Carcinoma_Renal_Cell,multi,GDS505,70,80,100,27,7,34
Carcinoma_Renal_Cell,multi,GDS505,70,90,100,27,7,34
Carcinoma_Renal_Cell,multi,GDS507,70,10,100,27,7,34
Carcinoma_Renal_Cell,multi,GDS507,70,20,100,27,7,34
Carcinoma_Renal_Cell,multi,GDS507,70,30,100,27,7,34
Carcinoma_Renal_Cell,multi,GDS507,70,40,100,27,7,34
Carcinoma_Renal_Cell,multi,GDS507,70,50,100,27,7,34
Carcinoma_Renal_Cell,multi,GDS507,70,60,85.7143,27,7,34
Carcinoma_Renal_Cell,multi,GDS507,70,70,100,27,7,34
Carcinoma_Renal_Cell,multi,GDS507,70,80,100,27,7,34
Carcinoma_Renal_Cell,multi,GDS507,70,90,85.7143,27,7,34
Carcinoma_Renal_Cell,multi,GDS505,80,10,100,25,9,34
Carcinoma_Renal_Cell,multi,GDS505,80,20,100,25,9,34
Carcinoma_Renal_Cell,multi,GDS505,80,30,100,25,9,34
Carcinoma_Renal_Cell,multi,GDS505,80,40,100,25,9,34
Carcinoma_Renal_Cell,multi,GDS505,80,50,100,25,9,34
Carcinoma_Renal_Cell,multi,GDS505,80,60,100,25,9,34
Carcinoma_Renal_Cell,multi,GDS505,80,70,100,25,9,34
Carcinoma_Renal_Cell,multi,GDS505,80,80,100,25,9,34
Carcinoma_Renal_Cell,multi,GDS505,80,90,100,25,9,34
Carcinoma_Renal_Cell,multi,GDS507,80,10,100,27,7,34
Carcinoma_Renal_Cell,multi,GDS507,80,20,100,27,7,34
Carcinoma_Renal_Cell,multi,GDS507,80,30,100,27,7,34
Carcinoma_Renal_Cell,multi,GDS507,80,40,100,27,7,34
Carcinoma_Renal_Cell,multi,GDS507,80,50,100,27,7,34
Carcinoma_Renal_Cell,multi,GDS507,80,60,85.7143,27,7,34
Carcinoma_Renal_Cell,multi,GDS507,80,70,100,27,7,34
Carcinoma_Renal_Cell,multi,GDS507,80,80,100,27,7,34
Carcinoma_Renal_Cell,multi,GDS507,80,90,85.7143,27,7,34
Carcinoma_Renal_Cell,multi,GDS505,90,10,100,23,11,34
Carcinoma_Renal_Cell,multi,GDS505,90,20,100,23,11,34
Carcinoma_Renal_Cell,multi,GDS505,90,30,100,23,11,34
Carcinoma_Renal_Cell,multi,GDS505,90,40,100,23,11,34
Carcinoma_Renal_Cell,multi,GDS505,90,50,100,23,11,34
Carcinoma_Renal_Cell,multi,GDS505,90,60,100,23,11,34
Carcinoma_Renal_Cell,multi,GDS505,90,70,100,23,11,34
Carcinoma_Renal_Cell,multi,GDS505,90,80,100,23,11,34
Carcinoma_Renal_Cell,multi,GDS505,90,90,100,23,11,34
Carcinoma_Renal_Cell,multi,GDS507,90,10,100,26,8,34
Carcinoma_Renal_Cell,multi,GDS507,90,20,100,26,8,34
Carcinoma_Renal_Cell,multi,GDS507,90,30,100,26,8,34
Carcinoma_Renal_Cell,multi,GDS507,90,40,100,26,8,34
Carcinoma_Renal_Cell,multi,GDS507,90,50,100,26,8,34
Carcinoma_Renal_Cell,multi,GDS507,90,60,100,26,8,34
Carcinoma_Renal_Cell,multi,GDS507,90,70,100,26,8,34
Carcinoma_Renal_Cell,multi,GDS507,90,80,87.5,26,8,34
Carcinoma_Renal_Cell,multi,GDS507,90,90,87.5,26,8,34
Dermatitis,multi,GDS2381,10,10,100,39,1,40
Dermatitis,multi,GDS2381,10,20,100,39,1,40
Dermatitis,multi,GDS2381,10,30,100,39,1,40
Dermatitis,multi,GDS2381,10,40,100,39,1,40
Dermatitis,multi,GDS2382,10,10,0,39,1,40
Dermatitis,multi,GDS2382,10,20,0,39,1,40
Dermatitis,multi,GDS2382,10,30,0,39,1,40
Dermatitis,multi,GDS2382,10,40,0,39,1,40
Dermatitis,multi,GDS2484,10,10,0,40,0,40
Dermatitis,multi,GDS2484,10,20,0,40,0,40
Dermatitis,multi,GDS2484,10,30,0,40,0,40
Dermatitis,multi,GDS2484,10,40,0,40,0,40
Dermatitis,multi,GDS2381,20,10,66.6667,37,3,40
Dermatitis,multi,GDS2381,20,20,66.6667,37,3,40
Dermatitis,multi,GDS2381,20,30,66.6667,37,3,40
Dermatitis,multi,GDS2381,20,40,66.6667,37,3,40
Dermatitis,multi,GDS2382,20,10,66.6667,37,3,40
Dermatitis,multi,GDS2382,20,20,66.6667,37,3,40
Dermatitis,multi,GDS2382,20,30,66.6667,37,3,40
Dermatitis,multi,GDS2382,20,40,66.6667,37,3,40
Dermatitis,multi,GDS2484,20,10,0,39,1,40
Dermatitis,multi,GDS2484,20,20,0,39,1,40
Dermatitis,multi,GDS2484,20,30,0,39,1,40
Dermatitis,multi,GDS2484,20,40,0,39,1,40
Dermatitis,multi,GDS2381,30,10,75,36,4,40
Dermatitis,multi,GDS2381,30,20,75,36,4,40
Dermatitis,multi,GDS2381,30,30,75,36,4,40
Dermatitis,multi,GDS2381,30,40,75,36,4,40
Dermatitis,multi,GDS2382,30,10,60,35,5,40
Dermatitis,multi,GDS2382,30,20,60,35,5,40
Dermatitis,multi,GDS2382,30,30,60,35,5,40
Dermatitis,multi,GDS2382,30,40,60,35,5,40
Dermatitis,multi,GDS2484,30,10,0,39,1,40
Dermatitis,multi,GDS2484,30,20,0,39,1,40
Dermatitis,multi,GDS2484,30,30,0,39,1,40
Dermatitis,multi,GDS2484,30,40,0,39,1,40
Dermatitis,multi,GDS2381,40,10,75,36,4,40
Dermatitis,multi,GDS2381,40,20,75,36,4,40
Dermatitis,multi,GDS2381,40,30,75,36,4,40
Dermatitis,multi,GDS2381,40,40,75,36,4,40
Dermatitis,multi,GDS2382,40,10,66.6667,34,6,40
Dermatitis,multi,GDS2382,40,20,66.6667,34,6,40
Dermatitis,multi,GDS2382,40,30,66.6667,34,6,40
Dermatitis,multi,GDS2382,40,40,66.6667,34,6,40
Dermatitis,multi,GDS2484,40,10,0,38,2,40
Dermatitis,multi,GDS2484,40,20,0,38,2,40
Dermatitis,multi,GDS2484,40,30,0,38,2,40
Dermatitis,multi,GDS2484,40,40,0,38,2,40
Dermatitis,multi,GDS2381,50,10,80,35,5,40
Dermatitis,multi,GDS2381,50,20,80,35,5,40
Dermatitis,multi,GDS2381,50,30,80,35,5,40
Dermatitis,multi,GDS2381,50,40,60,35,5,40
Dermatitis,multi,GDS2382,50,10,62.5,32,8,40
Dermatitis,multi,GDS2382,50,20,37.5,32,8,40
Dermatitis,multi,GDS2382,50,30,25,32,8,40
Dermatitis,multi,GDS2382,50,40,25,32,8,40
Dermatitis,multi,GDS2484,50,10,0,37,3,40
Dermatitis,multi,GDS2484,50,20,0,37,3,40
Dermatitis,multi,GDS2484,50,30,0,37,3,40
Dermatitis,multi,GDS2484,50,40,0,37,3,40
Dermatitis,multi,GDS2381,60,10,66.6667,34,6,40
Dermatitis,multi,GDS2381,60,20,66.6667,34,6,40
Dermatitis,multi,GDS2381,60,30,66.6667,34,6,40
Dermatitis,multi,GDS2381,60,40,66.6667,34,6,40
Dermatitis,multi,GDS2382,60,10,66.6667,31,9,40
Dermatitis,multi,GDS2382,60,20,66.6667,31,9,40
Dermatitis,multi,GDS2382,60,30,66.6667,31,9,40
Dermatitis,multi,GDS2382,60,40,66.6667,31,9,40
Dermatitis,multi,GDS2484,60,10,0,37,3,40
Dermatitis,multi,GDS2484,60,20,0,37,3,40
Dermatitis,multi,GDS2484,60,30,0,37,3,40
Dermatitis,multi,GDS2484,60,40,0,37,3,40
Dermatitis,multi,GDS2381,70,10,66.6667,34,6,40
Dermatitis,multi,GDS2381,70,20,66.6667,34,6,40
Dermatitis,multi,GDS2381,70,30,66.6667,34,6,40
Dermatitis,multi,GDS2381,70,40,66.6667,34,6,40
Dermatitis,multi,GDS2382,70,10,60,30,10,40
Dermatitis,multi,GDS2382,70,20,40,30,10,40
Dermatitis,multi,GDS2382,70,30,40,30,10,40
Dermatitis,multi,GDS2382,70,40,40,30,10,40
Dermatitis,multi,GDS2484,70,10,25,36,4,40
Dermatitis,multi,GDS2484,70,20,25,36,4,40
Dermatitis,multi,GDS2484,70,30,25,36,4,40
Dermatitis,multi,GDS2484,70,40,25,36,4,40
Dermatitis,multi,GDS2381,80,10,75,32,8,40
Dermatitis,multi,GDS2381,80,20,75,32,8,40
Dermatitis,multi,GDS2381,80,30,75,32,8,40
Dermatitis,multi,GDS2381,80,40,62.5,32,8,40
Dermatitis,multi,GDS2382,80,10,63.6364,29,11,40
Dermatitis,multi,GDS2382,80,20,36.3636,29,11,40
Dermatitis,multi,GDS2382,80,30,27.2727,29,11,40
Dermatitis,multi,GDS2382,80,40,27.2727,29,11,40
Dermatitis,multi,GDS2484,80,10,25,36,4,40
Dermatitis,multi,GDS2484,80,20,25,36,4,40
Dermatitis,multi,GDS2484,80,30,25,36,4,40
Dermatitis,multi,GDS2484,80,40,25,36,4,40
Dermatitis,multi,GDS2381,90,10,66.6667,31,9,40
Dermatitis,multi,GDS2381,90,20,66.6667,31,9,40
Dermatitis,multi,GDS2381,90,30,66.6667,31,9,40
Dermatitis,multi,GDS2381,90,40,66.6667,31,9,40
Dermatitis,multi,GDS2382,90,10,63.6364,29,11,40
Dermatitis,multi,GDS2382,90,20,36.3636,29,11,40
Dermatitis,multi,GDS2382,90,30,27.2727,29,11,40
Dermatitis,multi,GDS2382,90,40,27.2727,29,11,40
Dermatitis,multi,GDS2484,90,10,25,36,4,40
Dermatitis,multi,GDS2484,90,20,25,36,4,40
Dermatitis,multi,GDS2484,90,30,25,36,4,40
Dermatitis,multi,GDS2484,90,40,25,36,4,40
Diabetes,multi,GDS3104,10,10,50,73,2,75
Diabetes,multi,GDS3104,10,20,50,73,2,75
Diabetes,multi,GDS3104,10,30,50,73,2,75
Diabetes,multi,GDS3104,10,40,50,73,2,75
Diabetes,multi,GDS3104,10,50,50,73,2,75
Diabetes,multi,GDS3104,10,60,50,73,2,75
Diabetes,multi,GDS3347,10,10,0,74,1,75
Diabetes,multi,GDS3347,10,20,0,74,1,75
Diabetes,multi,GDS3347,10,30,0,74,1,75
Diabetes,multi,GDS3347,10,40,0,74,1,75
Diabetes,multi,GDS3347,10,50,0,74,1,75
Diabetes,multi,GDS3347,10,60,0,74,1,75
Diabetes,multi,GDS3681,10,10,50,73,2,75
Diabetes,multi,GDS3681,10,20,50,73,2,75
Diabetes,multi,GDS3681,10,30,50,73,2,75
Diabetes,multi,GDS3681,10,40,50,73,2,75
Diabetes,multi,GDS3681,10,50,50,73,2,75
Diabetes,multi,GDS3681,10,60,50,73,2,75
Diabetes,multi,GDS961,10,10,0,75,0,75
Diabetes,multi,GDS961,10,20,0,75,0,75
Diabetes,multi,GDS961,10,30,0,75,0,75
Diabetes,multi,GDS961,10,40,0,75,0,75
Diabetes,multi,GDS961,10,50,0,75,0,75
Diabetes,multi,GDS961,10,60,0,75,0,75
Diabetes,multi,GDS3104,20,10,60,70,5,75
Diabetes,multi,GDS3104,20,20,60,70,5,75
Diabetes,multi,GDS3104,20,30,60,70,5,75
Diabetes,multi,GDS3104,20,40,40,70,5,75
Diabetes,multi,GDS3104,20,50,60,70,5,75
Diabetes,multi,GDS3104,20,60,40,70,5,75
Diabetes,multi,GDS3347,20,10,66.6667,72,3,75
Diabetes,multi,GDS3347,20,20,66.6667,72,3,75
Diabetes,multi,GDS3347,20,30,66.6667,72,3,75
Diabetes,multi,GDS3347,20,40,66.6667,72,3,75
Diabetes,multi,GDS3347,20,50,66.6667,72,3,75
Diabetes,multi,GDS3347,20,60,66.6667,72,3,75
Diabetes,multi,GDS3681,20,10,66.6667,72,3,75
Diabetes,multi,GDS3681,20,20,66.6667,72,3,75
Diabetes,multi,GDS3681,20,30,66.6667,72,3,75
Diabetes,multi,GDS3681,20,40,66.6667,72,3,75
Diabetes,multi,GDS3681,20,50,66.6667,72,3,75
Diabetes,multi,GDS3681,20,60,66.6667,72,3,75
Diabetes,multi,GDS961,20,10,0,74,1,75
Diabetes,multi,GDS961,20,20,0,74,1,75
Diabetes,multi,GDS961,20,30,0,74,1,75
Diabetes,multi,GDS961,20,40,0,74,1,75
Diabetes,multi,GDS961,20,50,100,74,1,75
Diabetes,multi,GDS961,20,60,100,74,1,75
Diabetes,multi,GDS3104,30,10,75,67,8,75
Diabetes,multi,GDS3104,30,20,62.5,67,8,75
Diabetes,multi,GDS3104,30,30,37.5,67,8,75
Diabetes,multi,GDS3104,30,40,25,67,8,75
Diabetes,multi,GDS3104,30,50,25,67,8,75
Diabetes,multi,GDS3104,30,60,25,67,8,75
Diabetes,multi,GDS3347,30,10,60,70,5,75
Diabetes,multi,GDS3347,30,20,60,70,5,75
Diabetes,multi,GDS3347,30,30,60,70,5,75
Diabetes,multi,GDS3347,30,40,60,70,5,75
Diabetes,multi,GDS3347,30,50,60,70,5,75
Diabetes,multi,GDS3347,30,60,60,70,5,75
Diabetes,multi,GDS3681,30,10,80,70,5,75
Diabetes,multi,GDS3681,30,20,80,70,5,75
Diabetes,multi,GDS3681,30,30,80,70,5,75
Diabetes,multi,GDS3681,30,40,80,70,5,75
Diabetes,multi,GDS3681,30,50,20,70,5,75
Diabetes,multi,GDS3681,30,60,20,70,5,75
Diabetes,multi,GDS961,30,10,0,74,1,75
Diabetes,multi,GDS961,30,20,0,74,1,75
Diabetes,multi,GDS961,30,30,0,74,1,75
Diabetes,multi,GDS961,30,40,0,74,1,75
Diabetes,multi,GDS961,30,50,100,74,1,75
Diabetes,multi,GDS961,30,60,100,74,1,75
Diabetes,multi,GDS3104,40,10,66.6667,66,9,75
Diabetes,multi,GDS3104,40,20,66.6667,66,9,75
Diabetes,multi,GDS3104,40,30,44.4444,66,9,75
Diabetes,multi,GDS3104,40,40,44.4444,66,9,75
Diabetes,multi,GDS3104,40,50,55.5556,66,9,75
Diabetes,multi,GDS3104,40,60,44.4444,66,9,75
Diabetes,multi,GDS3347,40,10,50,69,6,75
Diabetes,multi,GDS3347,40,20,50,69,6,75
Diabetes,multi,GDS3347,40,30,50,69,6,75
Diabetes,multi,GDS3347,40,40,50,69,6,75
Diabetes,multi,GDS3347,40,50,50,69,6,75
Diabetes,multi,GDS3347,40,60,50,69,6,75
Diabetes,multi,GDS3681,40,10,66.6667,69,6,75
Diabetes,multi,GDS3681,40,20,66.6667,69,6,75
Diabetes,multi,GDS3681,40,30,66.6667,69,6,75
Diabetes,multi,GDS3681,40,40,66.6667,69,6,75
Diabetes,multi,GDS3681,40,50,66.6667,69,6,75
Diabetes,multi,GDS3681,40,60,66.6667,69,6,75
Diabetes,multi,GDS961,40,10,50,73,2,75
Diabetes,multi,GDS961,40,20,100,73,2,75
Diabetes,multi,GDS961,40,30,100,73,2,75
Diabetes,multi,GDS961,40,40,100,73,2,75
Diabetes,multi,GDS961,40,50,100,73,2,75
Diabetes,multi,GDS961,40,60,100,73,2,75
Diabetes,multi,GDS3104,50,10,66.6667,66,9,75
Diabetes,multi,GDS3104,50,20,66.6667,66,9,75
Diabetes,multi,GDS3104,50,30,44.4444,66,9,75
Diabetes,multi,GDS3104,50,40,44.4444,66,9,75
Diabetes,multi,GDS3104,50,50,55.5556,66,9,75
Diabetes,multi,GDS3104,50,60,44.4444,66,9,75
Diabetes,multi,GDS3347,50,10,42.8571,68,7,75
Diabetes,multi,GDS3347,50,20,42.8571,68,7,75
Diabetes,multi,GDS3347,50,30,42.8571,68,7,75
Diabetes,multi,GDS3347,50,40,42.8571,68,7,75
Diabetes,multi,GDS3347,50,50,42.8571,68,7,75
Diabetes,multi,GDS3347,50,60,42.8571,68,7,75
Diabetes,multi,GDS3681,50,10,50,67,8,75
Diabetes,multi,GDS3681,50,20,50,67,8,75
Diabetes,multi,GDS3681,50,30,50,67,8,75
Diabetes,multi,GDS3681,50,40,50,67,8,75
Diabetes,multi,GDS3681,50,50,50,67,8,75
Diabetes,multi,GDS3681,50,60,50,67,8,75
Diabetes,multi,GDS961,50,10,66.6667,72,3,75
Diabetes,multi,GDS961,50,20,33.3333,72,3,75
Diabetes,multi,GDS961,50,30,33.3333,72,3,75
Diabetes,multi,GDS961,50,40,33.3333,72,3,75
Diabetes,multi,GDS961,50,50,33.3333,72,3,75
Diabetes,multi,GDS961,50,60,33.3333,72,3,75
Diabetes,multi,GDS3104,60,10,41.6667,63,12,75
Diabetes,multi,GDS3104,60,20,25,63,12,75
Diabetes,multi,GDS3104,60,30,25,63,12,75
Diabetes,multi,GDS3104,60,40,25,63,12,75
Diabetes,multi,GDS3104,60,50,25,63,12,75
Diabetes,multi,GDS3104,60,60,25,63,12,75
Diabetes,multi,GDS3347,60,10,50,67,8,75
Diabetes,multi,GDS3347,60,20,50,67,8,75
Diabetes,multi,GDS3347,60,30,50,67,8,75
Diabetes,multi,GDS3347,60,40,50,67,8,75
Diabetes,multi,GDS3347,60,50,50,67,8,75
Diabetes,multi,GDS3347,60,60,50,67,8,75
Diabetes,multi,GDS3681,60,10,55.5556,66,9,75
Diabetes,multi,GDS3681,60,20,55.5556,66,9,75
Diabetes,multi,GDS3681,60,30,55.5556,66,9,75
Diabetes,multi,GDS3681,60,40,55.5556,66,9,75
Diabetes,multi,GDS3681,60,50,55.5556,66,9,75
Diabetes,multi,GDS3681,60,60,55.5556,66,9,75
Diabetes,multi,GDS961,60,10,66.6667,72,3,75
Diabetes,multi,GDS961,60,20,33.3333,72,3,75
Diabetes,multi,GDS961,60,30,33.3333,72,3,75
Diabetes,multi,GDS961,60,40,33.3333,72,3,75
Diabetes,multi,GDS961,60,50,33.3333,72,3,75
Diabetes,multi,GDS961,60,60,33.3333,72,3,75
Diabetes,multi,GDS3104,70,10,28.5714,61,14,75
Diabetes,multi,GDS3104,70,20,28.5714,61,14,75
Diabetes,multi,GDS3104,70,30,28.5714,61,14,75
Diabetes,multi,GDS3104,70,40,28.5714,61,14,75
Diabetes,multi,GDS3104,70,50,28.5714,61,14,75
Diabetes,multi,GDS3104,70,60,28.5714,61,14,75
Diabetes,multi,GDS3347,70,10,50,65,10,75
Diabetes,multi,GDS3347,70,20,50,65,10,75
Diabetes,multi,GDS3347,70,30,50,65,10,75
Diabetes,multi,GDS3347,70,40,50,65,10,75
Diabetes,multi,GDS3347,70,50,50,65,10,75
Diabetes,multi,GDS3347,70,60,50,65,10,75
Diabetes,multi,GDS3681,70,10,60,65,10,75
Diabetes,multi,GDS3681,70,20,60,65,10,75
Diabetes,multi,GDS3681,70,30,60,65,10,75
Diabetes,multi,GDS3681,70,40,60,65,10,75
Diabetes,multi,GDS3681,70,50,60,65,10,75
Diabetes,multi,GDS3681,70,60,60,65,10,75
Diabetes,multi,GDS961,70,10,50,71,4,75
Diabetes,multi,GDS961,70,20,50,71,4,75
Diabetes,multi,GDS961,70,30,50,71,4,75
Diabetes,multi,GDS961,70,40,50,71,4,75
Diabetes,multi,GDS961,70,50,75,71,4,75
Diabetes,multi,GDS961,70,60,50,71,4,75
Diabetes,multi,GDS3104,80,10,56.25,59,16,75
Diabetes,multi,GDS3104,80,20,37.5,59,16,75
Diabetes,multi,GDS3104,80,30,37.5,59,16,75
Diabetes,multi,GDS3104,80,40,37.5,59,16,75
Diabetes,multi,GDS3104,80,50,37.5,59,16,75
Diabetes,multi,GDS3104,80,60,37.5,59,16,75
Diabetes,multi,GDS3347,80,10,45.4545,64,11,75
Diabetes,multi,GDS3347,80,20,45.4545,64,11,75
Diabetes,multi,GDS3347,80,30,45.4545,64,11,75
Diabetes,multi,GDS3347,80,40,45.4545,64,11,75
Diabetes,multi,GDS3347,80,50,45.4545,64,11,75
Diabetes,multi,GDS3347,80,60,45.4545,64,11,75
Diabetes,multi,GDS3681,80,10,54.5455,64,11,75
Diabetes,multi,GDS3681,80,20,54.5455,64,11,75
Diabetes,multi,GDS3681,80,30,54.5455,64,11,75
Diabetes,multi,GDS3681,80,40,54.5455,64,11,75
Diabetes,multi,GDS3681,80,50,54.5455,64,11,75
Diabetes,multi,GDS3681,80,60,54.5455,64,11,75
Diabetes,multi,GDS961,80,10,50,71,4,75
Diabetes,multi,GDS961,80,20,50,71,4,75
Diabetes,multi,GDS961,80,30,50,71,4,75
Diabetes,multi,GDS961,80,40,50,71,4,75
Diabetes,multi,GDS961,80,50,75,71,4,75
Diabetes,multi,GDS961,80,60,50,71,4,75
Diabetes,multi,GDS3104,90,10,52.6316,56,19,75
Diabetes,multi,GDS3104,90,20,52.6316,56,19,75
Diabetes,multi,GDS3104,90,30,52.6316,56,19,75
Diabetes,multi,GDS3104,90,40,52.6316,56,19,75
Diabetes,multi,GDS3104,90,50,52.6316,56,19,75
Diabetes,multi,GDS3104,90,60,52.6316,56,19,75
Diabetes,multi,GDS3347,90,10,46.1538,62,13,75
Diabetes,multi,GDS3347,90,20,46.1538,62,13,75
Diabetes,multi,GDS3347,90,30,46.1538,62,13,75
Diabetes,multi,GDS3347,90,40,46.1538,62,13,75
Diabetes,multi,GDS3347,90,50,46.1538,62,13,75
Diabetes,multi,GDS3347,90,60,46.1538,62,13,75
Diabetes,multi,GDS3681,90,10,53.8462,62,13,75
Diabetes,multi,GDS3681,90,20,53.8462,62,13,75
Diabetes,multi,GDS3681,90,30,53.8462,62,13,75
Diabetes,multi,GDS3681,90,40,53.8462,62,13,75
Diabetes,multi,GDS3681,90,50,53.8462,62,13,75
Diabetes,multi,GDS3681,90,60,53.8462,62,13,75
Diabetes,multi,GDS961,90,10,50,71,4,75
Diabetes,multi,GDS961,90,20,50,71,4,75
Diabetes,multi,GDS961,90,30,50,71,4,75
Diabetes,multi,GDS961,90,40,50,71,4,75
Diabetes,multi,GDS961,90,50,75,71,4,75
Diabetes,multi,GDS961,90,60,50,71,4,75
Kidney_Neoplasm,multi,GDS505,10,10,100,33,1,34
Kidney_Neoplasm,multi,GDS505,10,20,100,33,1,34
Kidney_Neoplasm,multi,GDS505,10,30,100,33,1,34
Kidney_Neoplasm,multi,GDS505,10,40,100,33,1,34
Kidney_Neoplasm,multi,GDS505,10,50,100,33,1,34
Kidney_Neoplasm,multi,GDS505,10,60,100,33,1,34
Kidney_Neoplasm,multi,GDS505,10,70,100,33,1,34
Kidney_Neoplasm,multi,GDS505,10,80,100,33,1,34
Kidney_Neoplasm,multi,GDS505,10,90,100,33,1,34
Kidney_Neoplasm,multi,GDS507,10,10,100,33,1,34
Kidney_Neoplasm,multi,GDS507,10,20,100,33,1,34
Kidney_Neoplasm,multi,GDS507,10,30,100,33,1,34
Kidney_Neoplasm,multi,GDS507,10,40,100,33,1,34
Kidney_Neoplasm,multi,GDS507,10,50,100,33,1,34
Kidney_Neoplasm,multi,GDS507,10,60,100,33,1,34
Kidney_Neoplasm,multi,GDS507,10,70,100,33,1,34
Kidney_Neoplasm,multi,GDS507,10,80,100,33,1,34
Kidney_Neoplasm,multi,GDS507,10,90,100,33,1,34
Kidney_Neoplasm,multi,GDS505,20,10,100,31,3,34
Kidney_Neoplasm,multi,GDS505,20,20,100,31,3,34
Kidney_Neoplasm,multi,GDS505,20,30,100,31,3,34
Kidney_Neoplasm,multi,GDS505,20,40,100,31,3,34
Kidney_Neoplasm,multi,GDS505,20,50,100,31,3,34
Kidney_Neoplasm,multi,GDS505,20,60,100,31,3,34
Kidney_Neoplasm,multi,GDS505,20,70,100,31,3,34
Kidney_Neoplasm,multi,GDS505,20,80,100,31,3,34
Kidney_Neoplasm,multi,GDS505,20,90,100,31,3,34
Kidney_Neoplasm,multi,GDS507,20,10,100,31,3,34
Kidney_Neoplasm,multi,GDS507,20,20,100,31,3,34
Kidney_Neoplasm,multi,GDS507,20,30,100,31,3,34
Kidney_Neoplasm,multi,GDS507,20,40,100,31,3,34
Kidney_Neoplasm,multi,GDS507,20,50,100,31,3,34
Kidney_Neoplasm,multi,GDS507,20,60,100,31,3,34
Kidney_Neoplasm,multi,GDS507,20,70,100,31,3,34
Kidney_Neoplasm,multi,GDS507,20,80,100,31,3,34
Kidney_Neoplasm,multi,GDS507,20,90,100,31,3,34
Kidney_Neoplasm,multi,GDS505,30,10,100,29,5,34
Kidney_Neoplasm,multi,GDS505,30,20,100,29,5,34
Kidney_Neoplasm,multi,GDS505,30,30,100,29,5,34
Kidney_Neoplasm,multi,GDS505,30,40,100,29,5,34
Kidney_Neoplasm,multi,GDS505,30,50,100,29,5,34
Kidney_Neoplasm,multi,GDS505,30,60,100,29,5,34
Kidney_Neoplasm,multi,GDS505,30,70,100,29,5,34
Kidney_Neoplasm,multi,GDS505,30,80,100,29,5,34
Kidney_Neoplasm,multi,GDS505,30,90,100,29,5,34
Kidney_Neoplasm,multi,GDS507,30,10,100,29,5,34
Kidney_Neoplasm,multi,GDS507,30,20,100,29,5,34
Kidney_Neoplasm,multi,GDS507,30,30,100,29,5,34
Kidney_Neoplasm,multi,GDS507,30,40,100,29,5,34
Kidney_Neoplasm,multi,GDS507,30,50,100,29,5,34
Kidney_Neoplasm,multi,GDS507,30,60,100,29,5,34
Kidney_Neoplasm,multi,GDS507,30,70,100,29,5,34
Kidney_Neoplasm,multi,GDS507,30,80,100,29,5,34
Kidney_Neoplasm,multi,GDS507,30,90,100,29,5,34
Kidney_Neoplasm,multi,GDS505,40,10,100,29,5,34
Kidney_Neoplasm,multi,GDS505,40,20,100,29,5,34
Kidney_Neoplasm,multi,GDS505,40,30,100,29,5,34
Kidney_Neoplasm,multi,GDS505,40,40,100,29,5,34
Kidney_Neoplasm,multi,GDS505,40,50,100,29,5,34
Kidney_Neoplasm,multi,GDS505,40,60,100,29,5,34
Kidney_Neoplasm,multi,GDS505,40,70,100,29,5,34
Kidney_Neoplasm,multi,GDS505,40,80,100,29,5,34
Kidney_Neoplasm,multi,GDS505,40,90,100,29,5,34
Kidney_Neoplasm,multi,GDS507,40,10,100,28,6,34
Kidney_Neoplasm,multi,GDS507,40,20,100,28,6,34
Kidney_Neoplasm,multi,GDS507,40,30,100,28,6,34
Kidney_Neoplasm,multi,GDS507,40,40,100,28,6,34
Kidney_Neoplasm,multi,GDS507,40,50,100,28,6,34
Kidney_Neoplasm,multi,GDS507,40,60,100,28,6,34
Kidney_Neoplasm,multi,GDS507,40,70,100,28,6,34
Kidney_Neoplasm,multi,GDS507,40,80,100,28,6,34
Kidney_Neoplasm,multi,GDS507,40,90,100,28,6,34
Kidney_Neoplasm,multi,GDS505,50,10,100,28,6,34
Kidney_Neoplasm,multi,GDS505,50,20,100,28,6,34
Kidney_Neoplasm,multi,GDS505,50,30,100,28,6,34
Kidney_Neoplasm,multi,GDS505,50,40,100,28,6,34
Kidney_Neoplasm,multi,GDS505,50,50,100,28,6,34
Kidney_Neoplasm,multi,GDS505,50,60,100,28,6,34
Kidney_Neoplasm,multi,GDS505,50,70,100,28,6,34
Kidney_Neoplasm,multi,GDS505,50,80,100,28,6,34
Kidney_Neoplasm,multi,GDS505,50,90,100,28,6,34
Kidney_Neoplasm,multi,GDS507,50,10,100,27,7,34
Kidney_Neoplasm,multi,GDS507,50,20,100,27,7,34
Kidney_Neoplasm,multi,GDS507,50,30,100,27,7,34
Kidney_Neoplasm,multi,GDS507,50,40,100,27,7,34
Kidney_Neoplasm,multi,GDS507,50,50,100,27,7,34
Kidney_Neoplasm,multi,GDS507,50,60,100,27,7,34
Kidney_Neoplasm,multi,GDS507,50,70,100,27,7,34
Kidney_Neoplasm,multi,GDS507,50,80,100,27,7,34
Kidney_Neoplasm,multi,GDS507,50,90,100,27,7,34
Kidney_Neoplasm,multi,GDS505,60,10,100,28,6,34
Kidney_Neoplasm,multi,GDS505,60,20,100,28,6,34
Kidney_Neoplasm,multi,GDS505,60,30,100,28,6,34
Kidney_Neoplasm,multi,GDS505,60,40,100,28,6,34
Kidney_Neoplasm,multi,GDS505,60,50,100,28,6,34
Kidney_Neoplasm,multi,GDS505,60,60,100,28,6,34
Kidney_Neoplasm,multi,GDS505,60,70,100,28,6,34
Kidney_Neoplasm,multi,GDS505,60,80,100,28,6,34
Kidney_Neoplasm,multi,GDS505,60,90,100,28,6,34
Kidney_Neoplasm,multi,GDS507,60,10,100,26,8,34
Kidney_Neoplasm,multi,GDS507,60,20,100,26,8,34
Kidney_Neoplasm,multi,GDS507,60,30,100,26,8,34
Kidney_Neoplasm,multi,GDS507,60,40,100,26,8,34
Kidney_Neoplasm,multi,GDS507,60,50,100,26,8,34
Kidney_Neoplasm,multi,GDS507,60,60,100,26,8,34
Kidney_Neoplasm,multi,GDS507,60,70,100,26,8,34
Kidney_Neoplasm,multi,GDS507,60,80,100,26,8,34
Kidney_Neoplasm,multi,GDS507,60,90,100,26,8,34
Kidney_Neoplasm,multi,GDS505,70,10,100,28,6,34
Kidney_Neoplasm,multi,GDS505,70,20,100,28,6,34
Kidney_Neoplasm,multi,GDS505,70,30,100,28,6,34
Kidney_Neoplasm,multi,GDS505,70,40,100,28,6,34
Kidney_Neoplasm,multi,GDS505,70,50,100,28,6,34
Kidney_Neoplasm,multi,GDS505,70,60,100,28,6,34
Kidney_Neoplasm,multi,GDS505,70,70,100,28,6,34
Kidney_Neoplasm,multi,GDS505,70,80,100,28,6,34
Kidney_Neoplasm,multi,GDS505,70,90,100,28,6,34
Kidney_Neoplasm,multi,GDS507,70,10,100,26,8,34
Kidney_Neoplasm,multi,GDS507,70,20,100,26,8,34
Kidney_Neoplasm,multi,GDS507,70,30,100,26,8,34
Kidney_Neoplasm,multi,GDS507,70,40,100,26,8,34
Kidney_Neoplasm,multi,GDS507,70,50,100,26,8,34
Kidney_Neoplasm,multi,GDS507,70,60,100,26,8,34
Kidney_Neoplasm,multi,GDS507,70,70,100,26,8,34
Kidney_Neoplasm,multi,GDS507,70,80,100,26,8,34
Kidney_Neoplasm,multi,GDS507,70,90,100,26,8,34
Kidney_Neoplasm,multi,GDS505,80,10,100,26,8,34
Kidney_Neoplasm,multi,GDS505,80,20,100,26,8,34
Kidney_Neoplasm,multi,GDS505,80,30,100,26,8,34
Kidney_Neoplasm,multi,GDS505,80,40,100,26,8,34
Kidney_Neoplasm,multi,GDS505,80,50,100,26,8,34
Kidney_Neoplasm,multi,GDS505,80,60,100,26,8,34
Kidney_Neoplasm,multi,GDS505,80,70,100,26,8,34
Kidney_Neoplasm,multi,GDS505,80,80,100,26,8,34
Kidney_Neoplasm,multi,GDS505,80,90,100,26,8,34
Kidney_Neoplasm,multi,GDS507,80,10,100,25,9,34
Kidney_Neoplasm,multi,GDS507,80,20,100,25,9,34
Kidney_Neoplasm,multi,GDS507,80,30,100,25,9,34
Kidney_Neoplasm,multi,GDS507,80,40,100,25,9,34
Kidney_Neoplasm,multi,GDS507,80,50,100,25,9,34
Kidney_Neoplasm,multi,GDS507,80,60,100,25,9,34
Kidney_Neoplasm,multi,GDS507,80,70,100,25,9,34
Kidney_Neoplasm,multi,GDS507,80,80,100,25,9,34
Kidney_Neoplasm,multi,GDS507,80,90,100,25,9,34
Kidney_Neoplasm,multi,GDS505,90,10,100,25,9,34
Kidney_Neoplasm,multi,GDS505,90,20,100,25,9,34
Kidney_Neoplasm,multi,GDS505,90,30,100,25,9,34
Kidney_Neoplasm,multi,GDS505,90,40,100,25,9,34
Kidney_Neoplasm,multi,GDS505,90,50,100,25,9,34
Kidney_Neoplasm,multi,GDS505,90,60,100,25,9,34
Kidney_Neoplasm,multi,GDS505,90,70,100,25,9,34
Kidney_Neoplasm,multi,GDS505,90,80,100,25,9,34
Kidney_Neoplasm,multi,GDS505,90,90,100,25,9,34
Kidney_Neoplasm,multi,GDS507,90,10,100,25,9,34
Kidney_Neoplasm,multi,GDS507,90,20,100,25,9,34
Kidney_Neoplasm,multi,GDS507,90,30,100,25,9,34
Kidney_Neoplasm,multi,GDS507,90,40,100,25,9,34
Kidney_Neoplasm,multi,GDS507,90,50,100,25,9,34
Kidney_Neoplasm,multi,GDS507,90,60,100,25,9,34
Kidney_Neoplasm,multi,GDS507,90,70,100,25,9,34
Kidney_Neoplasm,multi,GDS507,90,80,100,25,9,34
Kidney_Neoplasm,multi,GDS507,90,90,100,25,9,34
Leiomyoma,multi,GDS2245,10,10,100,54,1,55
Leiomyoma,multi,GDS2245,10,20,100,54,1,55
Leiomyoma,multi,GDS2245,10,30,100,54,1,55
Leiomyoma,multi,GDS2245,10,40,100,54,1,55
Leiomyoma,multi,GDS2245,10,50,100,54,1,55
Leiomyoma,multi,GDS2245,10,60,100,54,1,55
Leiomyoma,multi,GDS2245,10,70,100,54,1,55
Leiomyoma,multi,GDS2245,10,80,100,54,1,55
Leiomyoma,multi,GDS2245,10,90,100,54,1,55
Leiomyoma,multi,GDS2737,10,10,100,52,3,55
Leiomyoma,multi,GDS2737,10,20,100,52,3,55
Leiomyoma,multi,GDS2737,10,30,66.6667,52,3,55
Leiomyoma,multi,GDS2737,10,40,66.6667,52,3,55
Leiomyoma,multi,GDS2737,10,50,66.6667,52,3,55
Leiomyoma,multi,GDS2737,10,60,66.6667,52,3,55
Leiomyoma,multi,GDS2737,10,70,33.3333,52,3,55
Leiomyoma,multi,GDS2737,10,80,33.3333,52,3,55
Leiomyoma,multi,GDS2737,10,90,33.3333,52,3,55
Leiomyoma,multi,GDS2245,20,10,100,52,3,55
Leiomyoma,multi,GDS2245,20,20,100,52,3,55
Leiomyoma,multi,GDS2245,20,30,100,52,3,55
Leiomyoma,multi,GDS2245,20,40,100,52,3,55
Leiomyoma,multi,GDS2245,20,50,100,52,3,55
Leiomyoma,multi,GDS2245,20,60,100,52,3,55
Leiomyoma,multi,GDS2245,20,70,100,52,3,55
Leiomyoma,multi,GDS2245,20,80,100,52,3,55
Leiomyoma,multi,GDS2245,20,90,100,52,3,55
Leiomyoma,multi,GDS2737,20,10,71.4286,48,7,55
Leiomyoma,multi,GDS2737,20,20,57.1429,48,7,55
Leiomyoma,multi,GDS2737,20,30,71.4286,48,7,55
Leiomyoma,multi,GDS2737,20,40,71.4286,48,7,55
Leiomyoma,multi,GDS2737,20,50,42.8571,48,7,55
Leiomyoma,multi,GDS2737,20,60,42.8571,48,7,55
Leiomyoma,multi,GDS2737,20,70,28.5714,48,7,55
Leiomyoma,multi,GDS2737,20,80,28.5714,48,7,55
Leiomyoma,multi,GDS2737,20,90,28.5714,48,7,55
Leiomyoma,multi,GDS2245,30,10,75,51,4,55
Leiomyoma,multi,GDS2245,30,20,100,51,4,55
Leiomyoma,multi,GDS2245,30,30,100,51,4,55
Leiomyoma,multi,GDS2245,30,40,100,51,4,55
Leiomyoma,multi,GDS2245,30,50,100,51,4,55
Leiomyoma,multi,GDS2245,30,60,100,51,4,55
Leiomyoma,multi,GDS2245,30,70,100,51,4,55
Leiomyoma,multi,GDS2245,30,80,100,51,4,55
Leiomyoma,multi,GDS2245,30,90,100,51,4,55
Leiomyoma,multi,GDS2737,30,10,50,45,10,55
Leiomyoma,multi,GDS2737,30,20,40,45,10,55
Leiomyoma,multi,GDS2737,30,30,80,45,10,55
Leiomyoma,multi,GDS2737,30,40,60,45,10,55
Leiomyoma,multi,GDS2737,30,50,60,45,10,55
Leiomyoma,multi,GDS2737,30,60,50,45,10,55
Leiomyoma,multi,GDS2737,30,70,40,45,10,55
Leiomyoma,multi,GDS2737,30,80,40,45,10,55
Leiomyoma,multi,GDS2737,30,90,40,45,10,55
Leiomyoma,multi,GDS2245,40,10,80,50,5,55
Leiomyoma,multi,GDS2245,40,20,80,50,5,55
Leiomyoma,multi,GDS2245,40,30,100,50,5,55
Leiomyoma,multi,GDS2245,40,40,100,50,5,55
Leiomyoma,multi,GDS2245,40,50,100,50,5,55
Leiomyoma,multi,GDS2245,40,60,100,50,5,55
Leiomyoma,multi,GDS2245,40,70,100,50,5,55
Leiomyoma,multi,GDS2245,40,80,100,50,5,55
Leiomyoma,multi,GDS2245,40,90,100,50,5,55
Leiomyoma,multi,GDS2737,40,10,75,43,12,55
Leiomyoma,multi,GDS2737,40,20,58.3333,43,12,55
Leiomyoma,multi,GDS2737,40,30,50,43,12,55
Leiomyoma,multi,GDS2737,40,40,58.3333,43,12,55
Leiomyoma,multi,GDS2737,40,50,58.3333,43,12,55
Leiomyoma,multi,GDS2737,40,60,50,43,12,55
Leiomyoma,multi,GDS2737,40,70,50,43,12,55
Leiomyoma,multi,GDS2737,40,80,50,43,12,55
Leiomyoma,multi,GDS2737,40,90,50,43,12,55
Leiomyoma,multi,GDS2245,50,10,85.7143,48,7,55
Leiomyoma,multi,GDS2245,50,20,85.7143,48,7,55
Leiomyoma,multi,GDS2245,50,30,85.7143,48,7,55
Leiomyoma,multi,GDS2245,50,40,85.7143,48,7,55
Leiomyoma,multi,GDS2245,50,50,71.4286,48,7,55
Leiomyoma,multi,GDS2245,50,60,85.7143,48,7,55
Leiomyoma,multi,GDS2245,50,70,85.7143,48,7,55
Leiomyoma,multi,GDS2245,50,80,85.7143,48,7,55
Leiomyoma,multi,GDS2245,50,90,85.7143,48,7,55
Leiomyoma,multi,GDS2737,50,10,66.6667,40,15,55
Leiomyoma,multi,GDS2737,50,20,73.3333,40,15,55
Leiomyoma,multi,GDS2737,50,30,66.6667,40,15,55
Leiomyoma,multi,GDS2737,50,40,66.6667,40,15,55
Leiomyoma,multi,GDS2737,50,50,66.6667,40,15,55
Leiomyoma,multi,GDS2737,50,60,60,40,15,55
Leiomyoma,multi,GDS2737,50,70,46.6667,40,15,55
Leiomyoma,multi,GDS2737,50,80,53.3333,40,15,55
Leiomyoma,multi,GDS2737,50,90,53.3333,40,15,55
Leiomyoma,multi,GDS2245,60,10,85.7143,48,7,55
Leiomyoma,multi,GDS2245,60,20,85.7143,48,7,55
Leiomyoma,multi,GDS2245,60,30,85.7143,48,7,55
Leiomyoma,multi,GDS2245,60,40,85.7143,48,7,55
Leiomyoma,multi,GDS2245,60,50,71.4286,48,7,55
Leiomyoma,multi,GDS2245,60,60,85.7143,48,7,55
Leiomyoma,multi,GDS2245,60,70,85.7143,48,7,55
Leiomyoma,multi,GDS2245,60,80,85.7143,48,7,55
Leiomyoma,multi,GDS2245,60,90,85.7143,48,7,55
Leiomyoma,multi,GDS2737,60,10,61.1111,37,18,55
Leiomyoma,multi,GDS2737,60,20,61.1111,37,18,55
Leiomyoma,multi,GDS2737,60,30,72.2222,37,18,55
Leiomyoma,multi,GDS2737,60,40,72.2222,37,18,55
Leiomyoma,multi,GDS2737,60,50,61.1111,37,18,55
Leiomyoma,multi,GDS2737,60,60,50,37,18,55
Leiomyoma,multi,GDS2737,60,70,50,37,18,55
Leiomyoma,multi,GDS2737,60,80,50,37,18,55
Leiomyoma,multi,GDS2737,60,90,55.5556,37,18,55
Leiomyoma,multi,GDS2245,70,10,25,47,8,55
Leiomyoma,multi,GDS2245,70,20,37.5,47,8,55
Leiomyoma,multi,GDS2245,70,30,37.5,47,8,55
Leiomyoma,multi,GDS2245,70,40,25,47,8,55
Leiomyoma,multi,GDS2245,70,50,12.5,47,8,55
Leiomyoma,multi,GDS2245,70,60,12.5,47,8,55
Leiomyoma,multi,GDS2245,70,70,12.5,47,8,55
Leiomyoma,multi,GDS2245,70,80,12.5,47,8,55
Leiomyoma,multi,GDS2245,70,90,12.5,47,8,55
Leiomyoma,multi,GDS2737,70,10,55,35,20,55
Leiomyoma,multi,GDS2737,70,20,50,35,20,55
Leiomyoma,multi,GDS2737,70,30,60,35,20,55
Leiomyoma,multi,GDS2737,70,40,65,35,20,55
Leiomyoma,multi,GDS2737,70,50,65,35,20,55
Leiomyoma,multi,GDS2737,70,60,65,35,20,55
Leiomyoma,multi,GDS2737,70,70,75,35,20,55
Leiomyoma,multi,GDS2737,70,80,70,35,20,55
Leiomyoma,multi,GDS2737,70,90,60,35,20,55
Leiomyoma,multi,GDS2245,80,10,70,45,10,55
Leiomyoma,multi,GDS2245,80,20,50,45,10,55
Leiomyoma,multi,GDS2245,80,30,50,45,10,55
Leiomyoma,multi,GDS2245,80,40,40,45,10,55
Leiomyoma,multi,GDS2245,80,50,30,45,10,55
Leiomyoma,multi,GDS2245,80,60,20,45,10,55
Leiomyoma,multi,GDS2245,80,70,20,45,10,55
Leiomyoma,multi,GDS2245,80,80,20,45,10,55
Leiomyoma,multi,GDS2245,80,90,20,45,10,55
Leiomyoma,multi,GDS2737,80,10,45.8333,31,24,55
Leiomyoma,multi,GDS2737,80,20,45.8333,31,24,55
Leiomyoma,multi,GDS2737,80,30,66.6667,31,24,55
Leiomyoma,multi,GDS2737,80,40,66.6667,31,24,55
Leiomyoma,multi,GDS2737,80,50,66.6667,31,24,55
Leiomyoma,multi,GDS2737,80,60,79.1667,31,24,55
Leiomyoma,multi,GDS2737,80,70,70.8333,31,24,55
Leiomyoma,multi,GDS2737,80,80,58.3333,31,24,55
Leiomyoma,multi,GDS2737,80,90,58.3333,31,24,55
Leiomyoma,multi,GDS2245,90,10,91.6667,43,12,55
Leiomyoma,multi,GDS2245,90,20,91.6667,43,12,55
Leiomyoma,multi,GDS2245,90,30,91.6667,43,12,55
Leiomyoma,multi,GDS2245,90,40,91.6667,43,12,55
Leiomyoma,multi,GDS2245,90,50,100,43,12,55
Leiomyoma,multi,GDS2245,90,60,91.6667,43,12,55
Leiomyoma,multi,GDS2245,90,70,83.3333,43,12,55
Leiomyoma,multi,GDS2245,90,80,83.3333,43,12,55
Leiomyoma,multi,GDS2245,90,90,83.3333,43,12,55
Leiomyoma,multi,GDS2737,90,10,53.8462,29,26,55
Leiomyoma,multi,GDS2737,90,20,53.8462,29,26,55
Leiomyoma,multi,GDS2737,90,30,69.2308,29,26,55
Leiomyoma,multi,GDS2737,90,40,69.2308,29,26,55
Leiomyoma,multi,GDS2737,90,50,65.3846,29,26,55
Leiomyoma,multi,GDS2737,90,60,53.8462,29,26,55
Leiomyoma,multi,GDS2737,90,70,50,29,26,55
Leiomyoma,multi,GDS2737,90,80,53.8462,29,26,55
Leiomyoma,multi,GDS2737,90,90,53.8462,29,26,55
Muscular_Dystrophies_Limb-Girdle,multi,GDS3474,10,10,0,35,2,37
Muscular_Dystrophies_Limb-Girdle,multi,GDS3474,10,20,50,35,2,37
Muscular_Dystrophies_Limb-Girdle,multi,GDS3474,10,30,100,35,2,37
Muscular_Dystrophies_Limb-Girdle,multi,GDS3474,10,40,100,35,2,37
Muscular_Dystrophies_Limb-Girdle,multi,GDS3474,10,50,50,35,2,37
Muscular_Dystrophies_Limb-Girdle,multi,GDS3474,10,60,100,35,2,37
Muscular_Dystrophies_Limb-Girdle,multi,GDS3474,10,70,50,35,2,37
Muscular_Dystrophies_Limb-Girdle,multi,GDS3474,10,80,50,35,2,37
Muscular_Dystrophies_Limb-Girdle,multi,GDS3474,10,90,50,35,2,37
Muscular_Dystrophies_Limb-Girdle,multi,GDS3475,10,10,100,36,1,37
Muscular_Dystrophies_Limb-Girdle,multi,GDS3475,10,20,100,36,1,37
Muscular_Dystrophies_Limb-Girdle,multi,GDS3475,10,30,100,36,1,37
Muscular_Dystrophies_Limb-Girdle,multi,GDS3475,10,40,100,36,1,37
Muscular_Dystrophies_Limb-Girdle,multi,GDS3475,10,50,100,36,1,37
Muscular_Dystrophies_Limb-Girdle,multi,GDS3475,10,60,100,36,1,37
Muscular_Dystrophies_Limb-Girdle,multi,GDS3475,10,70,100,36,1,37
Muscular_Dystrophies_Limb-Girdle,multi,GDS3475,10,80,100,36,1,37
Muscular_Dystrophies_Limb-Girdle,multi,GDS3475,10,90,100,36,1,37
Muscular_Dystrophies_Limb-Girdle,multi,GDS3474,20,10,50,33,4,37
Muscular_Dystrophies_Limb-Girdle,multi,GDS3474,20,20,50,33,4,37
Muscular_Dystrophies_Limb-Girdle,multi,GDS3474,20,30,50,33,4,37
Muscular_Dystrophies_Limb-Girdle,multi,GDS3474,20,40,50,33,4,37
Muscular_Dystrophies_Limb-Girdle,multi,GDS3474,20,50,50,33,4,37
Muscular_Dystrophies_Limb-Girdle,multi,GDS3474,20,60,50,33,4,37
Muscular_Dystrophies_Limb-Girdle,multi,GDS3474,20,70,50,33,4,37
Muscular_Dystrophies_Limb-Girdle,multi,GDS3474,20,80,75,33,4,37
Muscular_Dystrophies_Limb-Girdle,multi,GDS3474,20,90,75,33,4,37
Muscular_Dystrophies_Limb-Girdle,multi,GDS3475,20,10,100,34,3,37
Muscular_Dystrophies_Limb-Girdle,multi,GDS3475,20,20,66.6667,34,3,37
Muscular_Dystrophies_Limb-Girdle,multi,GDS3475,20,30,66.6667,34,3,37
Muscular_Dystrophies_Limb-Girdle,multi,GDS3475,20,40,66.6667,34,3,37
Muscular_Dystrophies_Limb-Girdle,multi,GDS3475,20,50,66.6667,34,3,37
Muscular_Dystrophies_Limb-Girdle,multi,GDS3475,20,60,66.6667,34,3,37
Muscular_Dystrophies_Limb-Girdle,multi,GDS3475,20,70,66.6667,34,3,37
Muscular_Dystrophies_Limb-Girdle,multi,GDS3475,20,80,33.3333,34,3,37
Muscular_Dystrophies_Limb-Girdle,multi,GDS3475,20,90,33.3333,34,3,37
Muscular_Dystrophies_Limb-Girdle,multi,GDS3474,30,10,60,32,5,37
Muscular_Dystrophies_Limb-Girdle,multi,GDS3474,30,20,20,32,5,37
Muscular_Dystrophies_Limb-Girdle,multi,GDS3474,30,30,20,32,5,37
Muscular_Dystrophies_Limb-Girdle,multi,GDS3474,30,40,20,32,5,37
Muscular_Dystrophies_Limb-Girdle,multi,GDS3474,30,50,20,32,5,37
Muscular_Dystrophies_Limb-Girdle,multi,GDS3474,30,60,20,32,5,37
Muscular_Dystrophies_Limb-Girdle,multi,GDS3474,30,70,20,32,5,37
Muscular_Dystrophies_Limb-Girdle,multi,GDS3474,30,80,20,32,5,37
Muscular_Dystrophies_Limb-Girdle,multi,GDS3474,30,90,40,32,5,37
Muscular_Dystrophies_Limb-Girdle,multi,GDS3475,30,10,50,33,4,37
Muscular_Dystrophies_Limb-Girdle,multi,GDS3475,30,20,50,33,4,37
Muscular_Dystrophies_Limb-Girdle,multi,GDS3475,30,30,50,33,4,37
Muscular_Dystrophies_Limb-Girdle,multi,GDS3475,30,40,75,33,4,37
Muscular_Dystrophies_Limb-Girdle,multi,GDS3475,30,50,50,33,4,37
Muscular_Dystrophies_Limb-Girdle,multi,GDS3475,30,60,25,33,4,37
Muscular_Dystrophies_Limb-Girdle,multi,GDS3475,30,70,25,33,4,37
Muscular_Dystrophies_Limb-Girdle,multi,GDS3475,30,80,25,33,4,37
Muscular_Dystrophies_Limb-Girdle,multi,GDS3475,30,90,25,33,4,37
Muscular_Dystrophies_Limb-Girdle,multi,GDS3474,40,10,71.4286,30,7,37
Muscular_Dystrophies_Limb-Girdle,multi,GDS3474,40,20,57.1429,30,7,37
Muscular_Dystrophies_Limb-Girdle,multi,GDS3474,40,30,71.4286,30,7,37
Muscular_Dystrophies_Limb-Girdle,multi,GDS3474,40,40,71.4286,30,7,37
Muscular_Dystrophies_Limb-Girdle,multi,GDS3474,40,50,71.4286,30,7,37
Muscular_Dystrophies_Limb-Girdle,multi,GDS3474,40,60,71.4286,30,7,37
Muscular_Dystrophies_Limb-Girdle,multi,GDS3474,40,70,71.4286,30,7,37
Muscular_Dystrophies_Limb-Girdle,multi,GDS3474,40,80,85.7143,30,7,37
Muscular_Dystrophies_Limb-Girdle,multi,GDS3474,40,90,85.7143,30,7,37
Muscular_Dystrophies_Limb-Girdle,multi,GDS3475,40,10,50,33,4,37
Muscular_Dystrophies_Limb-Girdle,multi,GDS3475,40,20,50,33,4,37
Muscular_Dystrophies_Limb-Girdle,multi,GDS3475,40,30,50,33,4,37
Muscular_Dystrophies_Limb-Girdle,multi,GDS3475,40,40,75,33,4,37
Muscular_Dystrophies_Limb-Girdle,multi,GDS3475,40,50,50,33,4,37
Muscular_Dystrophies_Limb-Girdle,multi,GDS3475,40,60,25,33,4,37
Muscular_Dystrophies_Limb-Girdle,multi,GDS3475,40,70,25,33,4,37
Muscular_Dystrophies_Limb-Girdle,multi,GDS3475,40,80,25,33,4,37
Muscular_Dystrophies_Limb-Girdle,multi,GDS3475,40,90,25,33,4,37
Muscular_Dystrophies_Limb-Girdle,multi,GDS3474,50,10,55.5556,28,9,37
Muscular_Dystrophies_Limb-Girdle,multi,GDS3474,50,20,55.5556,28,9,37
Muscular_Dystrophies_Limb-Girdle,multi,GDS3474,50,30,66.6667,28,9,37
Muscular_Dystrophies_Limb-Girdle,multi,GDS3474,50,40,55.5556,28,9,37
Muscular_Dystrophies_Limb-Girdle,multi,GDS3474,50,50,55.5556,28,9,37
Muscular_Dystrophies_Limb-Girdle,multi,GDS3474,50,60,66.6667,28,9,37
Muscular_Dystrophies_Limb-Girdle,multi,GDS3474,50,70,66.6667,28,9,37
Muscular_Dystrophies_Limb-Girdle,multi,GDS3474,50,80,66.6667,28,9,37
Muscular_Dystrophies_Limb-Girdle,multi,GDS3474,50,90,66.6667,28,9,37
Muscular_Dystrophies_Limb-Girdle,multi,GDS3475,50,10,66.6667,31,6,37
Muscular_Dystrophies_Limb-Girdle,multi,GDS3475,50,20,33.3333,31,6,37
Muscular_Dystrophies_Limb-Girdle,multi,GDS3475,50,30,33.3333,31,6,37
Muscular_Dystrophies_Limb-Girdle,multi,GDS3475,50,40,33.3333,31,6,37
Muscular_Dystrophies_Limb-Girdle,multi,GDS3475,50,50,33.3333,31,6,37
Muscular_Dystrophies_Limb-Girdle,multi,GDS3475,50,60,33.3333,31,6,37
Muscular_Dystrophies_Limb-Girdle,multi,GDS3475,50,70,33.3333,31,6,37
Muscular_Dystrophies_Limb-Girdle,multi,GDS3475,50,80,33.3333,31,6,37
Muscular_Dystrophies_Limb-Girdle,multi,GDS3475,50,90,33.3333,31,6,37
Muscular_Dystrophies_Limb-Girdle,multi,GDS3474,60,10,72.7273,26,11,37
Muscular_Dystrophies_Limb-Girdle,multi,GDS3474,60,20,63.6364,26,11,37
Muscular_Dystrophies_Limb-Girdle,multi,GDS3474,60,30,63.6364,26,11,37
Muscular_Dystrophies_Limb-Girdle,multi,GDS3474,60,40,72.7273,26,11,37
Muscular_Dystrophies_Limb-Girdle,multi,GDS3474,60,50,63.6364,26,11,37
Muscular_Dystrophies_Limb-Girdle,multi,GDS3474,60,60,72.7273,26,11,37
Muscular_Dystrophies_Limb-Girdle,multi,GDS3474,60,70,63.6364,26,11,37
Muscular_Dystrophies_Limb-Girdle,multi,GDS3474,60,80,72.7273,26,11,37
Muscular_Dystrophies_Limb-Girdle,multi,GDS3474,60,90,72.7273,26,11,37
Muscular_Dystrophies_Limb-Girdle,multi,GDS3475,60,10,62.5,29,8,37
Muscular_Dystrophies_Limb-Girdle,multi,GDS3475,60,20,50,29,8,37
Muscular_Dystrophies_Limb-Girdle,multi,GDS3475,60,30,50,29,8,37
Muscular_Dystrophies_Limb-Girdle,multi,GDS3475,60,40,50,29,8,37
Muscular_Dystrophies_Limb-Girdle,multi,GDS3475,60,50,50,29,8,37
Muscular_Dystrophies_Limb-Girdle,multi,GDS3475,60,60,50,29,8,37
Muscular_Dystrophies_Limb-Girdle,multi,GDS3475,60,70,50,29,8,37
Muscular_Dystrophies_Limb-Girdle,multi,GDS3475,60,80,50,29,8,37
Muscular_Dystrophies_Limb-Girdle,multi,GDS3475,60,90,50,29,8,37
Muscular_Dystrophies_Limb-Girdle,multi,GDS3474,70,10,72.7273,26,11,37
Muscular_Dystrophies_Limb-Girdle,multi,GDS3474,70,20,63.6364,26,11,37
Muscular_Dystrophies_Limb-Girdle,multi,GDS3474,70,30,63.6364,26,11,37
Muscular_Dystrophies_Limb-Girdle,multi,GDS3474,70,40,72.7273,26,11,37
Muscular_Dystrophies_Limb-Girdle,multi,GDS3474,70,50,63.6364,26,11,37
Muscular_Dystrophies_Limb-Girdle,multi,GDS3474,70,60,72.7273,26,11,37
Muscular_Dystrophies_Limb-Girdle,multi,GDS3474,70,70,63.6364,26,11,37
Muscular_Dystrophies_Limb-Girdle,multi,GDS3474,70,80,72.7273,26,11,37
Muscular_Dystrophies_Limb-Girdle,multi,GDS3474,70,90,72.7273,26,11,37
Muscular_Dystrophies_Limb-Girdle,multi,GDS3475,70,10,62.5,29,8,37
Muscular_Dystrophies_Limb-Girdle,multi,GDS3475,70,20,50,29,8,37
Muscular_Dystrophies_Limb-Girdle,multi,GDS3475,70,30,50,29,8,37
Muscular_Dystrophies_Limb-Girdle,multi,GDS3475,70,40,50,29,8,37
Muscular_Dystrophies_Limb-Girdle,multi,GDS3475,70,50,50,29,8,37
Muscular_Dystrophies_Limb-Girdle,multi,GDS3475,70,60,50,29,8,37
Muscular_Dystrophies_Limb-Girdle,multi,GDS3475,70,70,50,29,8,37
Muscular_Dystrophies_Limb-Girdle,multi,GDS3475,70,80,50,29,8,37
Muscular_Dystrophies_Limb-Girdle,multi,GDS3475,70,90,50,29,8,37
Muscular_Dystrophies_Limb-Girdle,multi,GDS3474,80,10,72.7273,26,11,37
Muscular_Dystrophies_Limb-Girdle,multi,GDS3474,80,20,63.6364,26,11,37
Muscular_Dystrophies_Limb-Girdle,multi,GDS3474,80,30,63.6364,26,11,37
Muscular_Dystrophies_Limb-Girdle,multi,GDS3474,80,40,72.7273,26,11,37
Muscular_Dystrophies_Limb-Girdle,multi,GDS3474,80,50,63.6364,26,11,37
Muscular_Dystrophies_Limb-Girdle,multi,GDS3474,80,60,72.7273,26,11,37
Muscular_Dystrophies_Limb-Girdle,multi,GDS3474,80,70,63.6364,26,11,37
Muscular_Dystrophies_Limb-Girdle,multi,GDS3474,80,80,72.7273,26,11,37
Muscular_Dystrophies_Limb-Girdle,multi,GDS3474,80,90,72.7273,26,11,37
Muscular_Dystrophies_Limb-Girdle,multi,GDS3475,80,10,55.5556,28,9,37
Muscular_Dystrophies_Limb-Girdle,multi,GDS3475,80,20,55.5556,28,9,37
Muscular_Dystrophies_Limb-Girdle,multi,GDS3475,80,30,66.6667,28,9,37
Muscular_Dystrophies_Limb-Girdle,multi,GDS3475,80,40,66.6667,28,9,37
Muscular_Dystrophies_Limb-Girdle,multi,GDS3475,80,50,66.6667,28,9,37
Muscular_Dystrophies_Limb-Girdle,multi,GDS3475,80,60,66.6667,28,9,37
Muscular_Dystrophies_Limb-Girdle,multi,GDS3475,80,70,66.6667,28,9,37
Muscular_Dystrophies_Limb-Girdle,multi,GDS3475,80,80,77.7778,28,9,37
Muscular_Dystrophies_Limb-Girdle,multi,GDS3475,80,90,66.6667,28,9,37
Muscular_Dystrophies_Limb-Girdle,multi,GDS3474,90,10,75,25,12,37
Muscular_Dystrophies_Limb-Girdle,multi,GDS3474,90,20,75,25,12,37
Muscular_Dystrophies_Limb-Girdle,multi,GDS3474,90,30,75,25,12,37
Muscular_Dystrophies_Limb-Girdle,multi,GDS3474,90,40,75,25,12,37
Muscular_Dystrophies_Limb-Girdle,multi,GDS3474,90,50,75,25,12,37
Muscular_Dystrophies_Limb-Girdle,multi,GDS3474,90,60,66.6667,25,12,37
Muscular_Dystrophies_Limb-Girdle,multi,GDS3474,90,70,66.6667,25,12,37
Muscular_Dystrophies_Limb-Girdle,multi,GDS3474,90,80,91.6667,25,12,37
Muscular_Dystrophies_Limb-Girdle,multi,GDS3474,90,90,83.3333,25,12,37
Muscular_Dystrophies_Limb-Girdle,multi,GDS3475,90,10,50,27,10,37
Muscular_Dystrophies_Limb-Girdle,multi,GDS3475,90,20,50,27,10,37
Muscular_Dystrophies_Limb-Girdle,multi,GDS3475,90,30,50,27,10,37
Muscular_Dystrophies_Limb-Girdle,multi,GDS3475,90,40,50,27,10,37
Muscular_Dystrophies_Limb-Girdle,multi,GDS3475,90,50,50,27,10,37
Muscular_Dystrophies_Limb-Girdle,multi,GDS3475,90,60,40,27,10,37
Muscular_Dystrophies_Limb-Girdle,multi,GDS3475,90,70,40,27,10,37
Muscular_Dystrophies_Limb-Girdle,multi,GDS3475,90,80,50,27,10,37
Muscular_Dystrophies_Limb-Girdle,multi,GDS3475,90,90,50,27,10,37
